{"scrapedData":[{"fecha":"2018-10-17_12_18_18","cusec":"2800501001","nmun":"Alcalá de Henares","v_venta":"2235","n_venta":"14","v_alql":"8.72","n_alql":"7","_id":"2800501001--2018-10-17_12_18_18"},{"fecha":"2018-10-17_12_18_18","cusec":"2800501002","nmun":"Alcalá de Henares","v_venta":"2436","n_venta":"7","v_alql":"8.53","n_alql":"3","_id":"2800501002--2018-10-17_12_18_18"},{"fecha":"2018-10-17_12_18_18","cusec":"2800501003","nmun":"Alcalá de Henares","v_venta":"1958","n_venta":"9","v_alql":"10.93","n_alql":"4","_id":"2800501003--2018-10-17_12_18_18"},{"fecha":"2018-10-17_12_18_18","cusec":"2800501004","nmun":"Alcalá de Henares","v_venta":"2172","n_venta":"9","v_alql":"13.08","n_alql":"1","_id":"2800501004--2018-10-17_12_18_18"},{"fecha":"2018-10-17_12_18_18","cusec":"2800501005","nmun":"Alcalá de Henares","v_venta":"2200","n_venta":"16","v_alql":"12.32","n_alql":"11","_id":"2800501005--2018-10-17_12_18_18"},{"fecha":"2018-10-17_12_18_18","cusec":"2800501006","nmun":"Alcalá de Henares","v_venta":"2402","n_venta":"12","v_alql":"8.12","n_alql":"1","_id":"2800501006--2018-10-17_12_18_18"},{"fecha":"2018-10-17_12_18_18","cusec":"2800501007","nmun":"Alcalá de Henares","v_venta":"2598","n_venta":"3","v_alql":"8.61","n_alql":"4","_id":"2800501007--2018-10-17_12_18_18"},{"fecha":"2018-10-17_12_18_18","cusec":"2800501008","nmun":"Alcalá de Henares","v_venta":"1833","n_venta":"1","v_alql":"9.44","n_alql":"2","_id":"2800501008--2018-10-17_12_18_18"},{"fecha":"2018-10-17_12_18_18","cusec":"2800501009","nmun":"Alcalá de Henares","v_venta":"1987","n_venta":"1","v_alql":0,"n_alql":0,"_id":"2800501009--2018-10-17_12_18_18"},{"fecha":"2018-10-17_12_18_18","cusec":"2800501010","nmun":"Alcalá de Henares","v_venta":"1919","n_venta":"11","v_alql":"7.97","n_alql":"3","_id":"2800501010--2018-10-17_12_18_18"},{"fecha":"2018-10-17_12_18_18","cusec":"2800501011","nmun":"Alcalá de Henares","v_venta":"1936","n_venta":"4","v_alql":"8.40","n_alql":"2","_id":"2800501011--2018-10-17_12_18_18"},{"fecha":"2018-10-17_12_18_18","cusec":"2800501012","nmun":"Alcalá de Henares","v_venta":"1594","n_venta":"2","v_alql":0,"n_alql":0,"_id":"2800501012--2018-10-17_12_18_18"},{"fecha":"2018-10-17_12_18_18","cusec":"2800501013","nmun":"Alcalá de Henares","v_venta":"1400","n_venta":"1","v_alql":"7.26","n_alql":"1","_id":"2800501013--2018-10-17_12_18_18"},{"fecha":"2018-10-17_12_18_18","cusec":"2800501014","nmun":"Alcalá de Henares","v_venta":"2504","n_venta":"12","v_alql":0,"n_alql":0,"_id":"2800501014--2018-10-17_12_18_18"},{"fecha":"2018-10-17_12_18_18","cusec":"2800501015","nmun":"Alcalá de Henares","v_venta":"1946","n_venta":"14","v_alql":"8.59","n_alql":"2","_id":"2800501015--2018-10-17_12_18_18"},{"fecha":"2018-10-17_12_18_18","cusec":"2800501016","nmun":"Alcalá de Henares","v_venta":"1841","n_venta":"13","v_alql":"8.74","n_alql":"4","_id":"2800501016--2018-10-17_12_18_18"},{"fecha":"2018-10-17_12_18_18","cusec":"2800501017","nmun":"Alcalá de Henares","v_venta":"1693","n_venta":"6","v_alql":"10.83","n_alql":"1","_id":"2800501017--2018-10-17_12_18_18"},{"fecha":"2018-10-17_12_18_18","cusec":"2800501018","nmun":"Alcalá de Henares","v_venta":"1724","n_venta":"7","v_alql":0,"n_alql":0,"_id":"2800501018--2018-10-17_12_18_18"},{"fecha":"2018-10-17_12_18_18","cusec":"2800501019","nmun":"Alcalá de Henares","v_venta":"2167","n_venta":"1","v_alql":0,"n_alql":0,"_id":"2800501019--2018-10-17_12_18_18"},{"fecha":"2018-10-17_12_18_18","cusec":"2800501020","nmun":"Alcalá de Henares","v_venta":"1847","n_venta":"2","v_alql":"11.11","n_alql":"1","_id":"2800501020--2018-10-17_12_18_18"},{"fecha":"2018-10-17_12_18_18","cusec":"2800501021","nmun":"Alcalá de Henares","v_venta":"1948","n_venta":"10","v_alql":"9.00","n_alql":"1","_id":"2800501021--2018-10-17_12_18_18"},{"fecha":"2018-10-17_12_18_18","cusec":"2800501022","nmun":"Alcalá de Henares","v_venta":"1987","n_venta":"2","v_alql":"8.39","n_alql":"2","_id":"2800501022--2018-10-17_12_18_18"},{"fecha":"2018-10-17_12_18_18","cusec":"2800501023","nmun":"Alcalá de Henares","v_venta":"2382","n_venta":"7","v_alql":"10.48","n_alql":"1","_id":"2800501023--2018-10-17_12_18_18"},{"fecha":"2018-10-17_12_18_18","cusec":"2800501024","nmun":"Alcalá de Henares","v_venta":"1836","n_venta":"4","v_alql":"10.43","n_alql":"2","_id":"2800501024--2018-10-17_12_18_18"},{"fecha":"2018-10-17_12_18_18","cusec":"2800502001","nmun":"Alcalá de Henares","v_venta":"1584","n_venta":"4","v_alql":"8.00","n_alql":"1","_id":"2800502001--2018-10-17_12_18_18"},{"fecha":"2018-10-17_12_18_18","cusec":"2800502002","nmun":"Alcalá de Henares","v_venta":"1515","n_venta":"5","v_alql":"10.00","n_alql":"1","_id":"2800502002--2018-10-17_12_18_18"},{"fecha":"2018-10-17_12_18_18","cusec":"2800502003","nmun":"Alcalá de Henares","v_venta":"1703","n_venta":"2","v_alql":0,"n_alql":0,"_id":"2800502003--2018-10-17_12_18_18"},{"fecha":"2018-10-17_12_18_18","cusec":"2800502004","nmun":"Alcalá de Henares","v_venta":"1267","n_venta":"7","v_alql":0,"n_alql":0,"_id":"2800502004--2018-10-17_12_18_18"},{"fecha":"2018-10-17_12_18_18","cusec":"2800502005","nmun":"Alcalá de Henares","v_venta":"1168","n_venta":"3","v_alql":0,"n_alql":0,"_id":"2800502005--2018-10-17_12_18_18"},{"fecha":"2018-10-17_12_18_18","cusec":"2800502006","nmun":"Alcalá de Henares","v_venta":"1386","n_venta":"4","v_alql":0,"n_alql":0,"_id":"2800502006--2018-10-17_12_18_18"},{"fecha":"2018-10-17_12_18_18","cusec":"2800502007","nmun":"Alcalá de Henares","v_venta":"1739","n_venta":"2","v_alql":"7.09","n_alql":"1","_id":"2800502007--2018-10-17_12_18_18"},{"fecha":"2018-10-17_12_18_18","cusec":"2800502008","nmun":"Alcalá de Henares","v_venta":"1789","n_venta":"56","v_alql":"7.66","n_alql":"5","_id":"2800502008--2018-10-17_12_18_18"},{"fecha":"2018-10-17_12_18_18","cusec":"2800502009","nmun":"Alcalá de Henares","v_venta":"1100","n_venta":"2","v_alql":0,"n_alql":0,"_id":"2800502009--2018-10-17_12_18_18"},{"fecha":"2018-10-17_12_18_18","cusec":"2800502010","nmun":"Alcalá de Henares","v_venta":"1011","n_venta":"1","v_alql":0,"n_alql":0,"_id":"2800502010--2018-10-17_12_18_18"},{"fecha":"2018-10-17_12_18_18","cusec":"2800502011","nmun":"Alcalá de Henares","v_venta":"852","n_venta":"10","v_alql":0,"n_alql":0,"_id":"2800502011--2018-10-17_12_18_18"},{"fecha":"2018-10-17_12_18_18","cusec":"2800502012","nmun":"Alcalá de Henares","v_venta":"1382","n_venta":"11","v_alql":0,"n_alql":0,"_id":"2800502012--2018-10-17_12_18_18"},{"fecha":"2018-10-17_12_18_18","cusec":"2800502013","nmun":"Alcalá de Henares","v_venta":"1224","n_venta":"3","v_alql":0,"n_alql":0,"_id":"2800502013--2018-10-17_12_18_18"},{"fecha":"2018-10-17_12_18_18","cusec":"2800502014","nmun":"Alcalá de Henares","v_venta":"1600","n_venta":"9","v_alql":"7.37","n_alql":"2","_id":"2800502014--2018-10-17_12_18_18"},{"fecha":"2018-10-17_12_18_18","cusec":"2800502015","nmun":"Alcalá de Henares","v_venta":"986","n_venta":"2","v_alql":0,"n_alql":0,"_id":"2800502015--2018-10-17_12_18_18"},{"fecha":"2018-10-17_12_18_18","cusec":"2800502016","nmun":"Alcalá de Henares","v_venta":"1559","n_venta":"2","v_alql":"9.89","n_alql":"2","_id":"2800502016--2018-10-17_12_18_18"},{"fecha":"2018-10-17_12_18_18","cusec":"2800502017","nmun":"Alcalá de Henares","v_venta":"1071","n_venta":"4","v_alql":"7.85","n_alql":"1","_id":"2800502017--2018-10-17_12_18_18"},{"fecha":"2018-10-17_12_18_18","cusec":"2800502018","nmun":"Alcalá de Henares","v_venta":"1738","n_venta":"2","v_alql":"10.77","n_alql":"1","_id":"2800502018--2018-10-17_12_18_18"},{"fecha":"2018-10-17_12_18_18","cusec":"2800502019","nmun":"Alcalá de Henares","v_venta":"1788","n_venta":"9","v_alql":0,"n_alql":0,"_id":"2800502019--2018-10-17_12_18_18"},{"fecha":"2018-10-17_12_18_18","cusec":"2800502020","nmun":"Alcalá de Henares","v_venta":"1733","n_venta":"13","v_alql":"8.06","n_alql":"2","_id":"2800502020--2018-10-17_12_18_18"},{"fecha":"2018-10-17_12_18_18","cusec":"2800502021","nmun":"Alcalá de Henares","v_venta":"1479","n_venta":"9","v_alql":"9.25","n_alql":"1","_id":"2800502021--2018-10-17_12_18_18"},{"fecha":"2018-10-17_12_18_18","cusec":"2800502022","nmun":"Alcalá de Henares","v_venta":"1411","n_venta":"4","v_alql":"8.70","n_alql":"1","_id":"2800502022--2018-10-17_12_18_18"},{"fecha":"2018-10-17_12_18_18","cusec":"2800502023","nmun":"Alcalá de Henares","v_venta":"1367","n_venta":"3","v_alql":"9.49","n_alql":"2","_id":"2800502023--2018-10-17_12_18_18"},{"fecha":"2018-10-17_12_18_18","cusec":"2800502024","nmun":"Alcalá de Henares","v_venta":"1406","n_venta":"1","v_alql":0,"n_alql":0,"_id":"2800502024--2018-10-17_12_18_18"},{"fecha":"2018-10-17_12_18_18","cusec":"2800502025","nmun":"Alcalá de Henares","v_venta":"1985","n_venta":"5","v_alql":0,"n_alql":0,"_id":"2800502025--2018-10-17_12_18_18"},{"fecha":"2018-10-17_12_18_18","cusec":"2800502026","nmun":"Alcalá de Henares","v_venta":"1664","n_venta":"9","v_alql":"8.89","n_alql":"2","_id":"2800502026--2018-10-17_12_18_18"},{"fecha":"2018-10-17_12_18_18","cusec":"2800502027","nmun":"Alcalá de Henares","v_venta":"1339","n_venta":"22","v_alql":"7.53","n_alql":"1","_id":"2800502027--2018-10-17_12_18_18"},{"fecha":"2018-10-17_12_18_18","cusec":"2800502028","nmun":"Alcalá de Henares","v_venta":"1851","n_venta":"13","v_alql":0,"n_alql":0,"_id":"2800502028--2018-10-17_12_18_18"},{"fecha":"2018-10-17_12_18_18","cusec":"2800502029","nmun":"Alcalá de Henares","v_venta":"1697","n_venta":"9","v_alql":"6.45","n_alql":"3","_id":"2800502029--2018-10-17_12_18_18"},{"fecha":"2018-10-17_12_18_18","cusec":"2800502030","nmun":"Alcalá de Henares","v_venta":"1739","n_venta":"1","v_alql":"8.82","n_alql":"1","_id":"2800502030--2018-10-17_12_18_18"},{"fecha":"2018-10-17_12_18_18","cusec":"2800502031","nmun":"Alcalá de Henares","v_venta":"1808","n_venta":"11","v_alql":"10.00","n_alql":"1","_id":"2800502031--2018-10-17_12_18_18"},{"fecha":"2018-10-17_12_18_18","cusec":"2800502032","nmun":"Alcalá de Henares","v_venta":"2165","n_venta":"3","v_alql":0,"n_alql":0,"_id":"2800502032--2018-10-17_12_18_18"},{"fecha":"2018-10-17_12_18_18","cusec":"2800502033","nmun":"Alcalá de Henares","v_venta":"1590","n_venta":"1","v_alql":0,"n_alql":0,"_id":"2800502033--2018-10-17_12_18_18"},{"fecha":"2018-10-17_12_18_18","cusec":"2800502034","nmun":"Alcalá de Henares","v_venta":"1499","n_venta":"7","v_alql":0,"n_alql":0,"_id":"2800502034--2018-10-17_12_18_18"},{"fecha":"2018-10-17_12_18_18","cusec":"2800502035","nmun":"Alcalá de Henares","v_venta":"1649","n_venta":"6","v_alql":0,"n_alql":0,"_id":"2800502035--2018-10-17_12_18_18"},{"fecha":"2018-10-17_12_18_18","cusec":"2800502036","nmun":"Alcalá de Henares","v_venta":"1520","n_venta":"8","v_alql":"7.19","n_alql":"2","_id":"2800502036--2018-10-17_12_18_18"},{"fecha":"2018-10-17_12_18_18","cusec":"2800502037","nmun":"Alcalá de Henares","v_venta":"2058","n_venta":"2","v_alql":"7.88","n_alql":"2","_id":"2800502037--2018-10-17_12_18_18"},{"fecha":"2018-10-17_12_18_18","cusec":"2800503001","nmun":"Alcalá de Henares","v_venta":"1599","n_venta":"6","v_alql":"9.23","n_alql":"1","_id":"2800503001--2018-10-17_12_18_18"},{"fecha":"2018-10-17_12_18_18","cusec":"2800503002","nmun":"Alcalá de Henares","v_venta":"1324","n_venta":"1","v_alql":0,"n_alql":0,"_id":"2800503002--2018-10-17_12_18_18"},{"fecha":"2018-10-17_12_18_18","cusec":"2800503003","nmun":"Alcalá de Henares","v_venta":"1000","n_venta":"1","v_alql":0,"n_alql":0,"_id":"2800503003--2018-10-17_12_18_18"},{"fecha":"2018-10-17_12_18_18","cusec":"2800503004","nmun":"Alcalá de Henares","v_venta":"1709","n_venta":"9","v_alql":"12.50","n_alql":"1","_id":"2800503004--2018-10-17_12_18_18"},{"fecha":"2018-10-17_12_18_18","cusec":"2800503005","nmun":"Alcalá de Henares","v_venta":"1818","n_venta":"1","v_alql":0,"n_alql":0,"_id":"2800503005--2018-10-17_12_18_18"},{"fecha":"2018-10-17_12_18_18","cusec":"2800503006","nmun":"Alcalá de Henares","v_venta":"1701","n_venta":"3","v_alql":0,"n_alql":0,"_id":"2800503006--2018-10-17_12_18_18"},{"fecha":"2018-10-17_12_18_18","cusec":"2800503007","nmun":"Alcalá de Henares","v_venta":"2956","n_venta":"1","v_alql":0,"n_alql":0,"_id":"2800503007--2018-10-17_12_18_18"},{"fecha":"2018-10-17_12_18_18","cusec":"2800503008","nmun":"Alcalá de Henares","v_venta":"1603","n_venta":"2","v_alql":0,"n_alql":0,"_id":"2800503008--2018-10-17_12_18_18"},{"fecha":"2018-10-17_12_18_18","cusec":"2800503009","nmun":"Alcalá de Henares","v_venta":"1394","n_venta":"3","v_alql":0,"n_alql":0,"_id":"2800503009--2018-10-17_12_18_18"},{"fecha":"2018-10-17_12_18_18","cusec":"2800503010","nmun":"Alcalá de Henares","v_venta":"1324","n_venta":"1","v_alql":0,"n_alql":0,"_id":"2800503010--2018-10-17_12_18_18"},{"fecha":"2018-10-17_12_18_18","cusec":"2800503011","nmun":"Alcalá de Henares","v_venta":"1501","n_venta":"13","v_alql":0,"n_alql":0,"_id":"2800503011--2018-10-17_12_18_18"},{"fecha":"2018-10-17_12_18_18","cusec":"2800503012","nmun":"Alcalá de Henares","v_venta":"1848","n_venta":"13","v_alql":0,"n_alql":0,"_id":"2800503012--2018-10-17_12_18_18"},{"fecha":"2018-10-17_12_18_18","cusec":"2800503013","nmun":"Alcalá de Henares","v_venta":"2290","n_venta":"8","v_alql":"7.20","n_alql":"4","_id":"2800503013--2018-10-17_12_18_18"},{"fecha":"2018-10-17_12_18_18","cusec":"2800503014","nmun":"Alcalá de Henares","v_venta":"1660","n_venta":"103","v_alql":"8.71","n_alql":"2","_id":"2800503014--2018-10-17_12_18_18"},{"fecha":"2018-10-17_12_18_18","cusec":"2800503015","nmun":"Alcalá de Henares","v_venta":"2097","n_venta":"57","v_alql":"8.95","n_alql":"4","_id":"2800503015--2018-10-17_12_18_18"},{"fecha":"2018-10-17_12_18_18","cusec":"2800503016","nmun":"Alcalá de Henares","v_venta":"1736","n_venta":"15","v_alql":"5.65","n_alql":"2","_id":"2800503016--2018-10-17_12_18_18"},{"fecha":"2018-10-17_12_18_18","cusec":"2800503017","nmun":"Alcalá de Henares","v_venta":"2414","n_venta":"10","v_alql":"8.74","n_alql":"1","_id":"2800503017--2018-10-17_12_18_18"},{"fecha":"2018-10-17_12_18_18","cusec":"2800504001","nmun":"Alcalá de Henares","v_venta":"1635","n_venta":"22","v_alql":"5.59","n_alql":"2","_id":"2800504001--2018-10-17_12_18_18"},{"fecha":"2018-10-17_12_18_18","cusec":"2800504002","nmun":"Alcalá de Henares","v_venta":"1804","n_venta":"5","v_alql":"9.94","n_alql":"2","_id":"2800504002--2018-10-17_12_18_18"},{"fecha":"2018-10-17_12_18_18","cusec":"2800504003","nmun":"Alcalá de Henares","v_venta":"2206","n_venta":"7","v_alql":"8.50","n_alql":"1","_id":"2800504003--2018-10-17_12_18_18"},{"fecha":"2018-10-17_12_18_18","cusec":"2800504004","nmun":"Alcalá de Henares","v_venta":"1670","n_venta":"11","v_alql":"13.33","n_alql":"1","_id":"2800504004--2018-10-17_12_18_18"},{"fecha":"2018-10-17_12_18_18","cusec":"2800504005","nmun":"Alcalá de Henares","v_venta":"1629","n_venta":"3","v_alql":0,"n_alql":0,"_id":"2800504005--2018-10-17_12_18_18"},{"fecha":"2018-10-17_12_18_18","cusec":"2800504006","nmun":"Alcalá de Henares","v_venta":"1598","n_venta":"4","v_alql":"8.82","n_alql":"1","_id":"2800504006--2018-10-17_12_18_18"},{"fecha":"2018-10-17_12_18_18","cusec":"2800504007","nmun":"Alcalá de Henares","v_venta":"2089","n_venta":"12","v_alql":"8.04","n_alql":"3","_id":"2800504007--2018-10-17_12_18_18"},{"fecha":"2018-10-17_12_18_18","cusec":"2800504008","nmun":"Alcalá de Henares","v_venta":"1862","n_venta":"11","v_alql":"6.25","n_alql":"3","_id":"2800504008--2018-10-17_12_18_18"},{"fecha":"2018-10-17_12_18_18","cusec":"2800504009","nmun":"Alcalá de Henares","v_venta":"1773","n_venta":"6","v_alql":0,"n_alql":0,"_id":"2800504009--2018-10-17_12_18_18"},{"fecha":"2018-10-17_12_18_18","cusec":"2800504010","nmun":"Alcalá de Henares","v_venta":"1727","n_venta":"12","v_alql":"8.50","n_alql":"1","_id":"2800504010--2018-10-17_12_18_18"},{"fecha":"2018-10-17_12_18_18","cusec":"2800504011","nmun":"Alcalá de Henares","v_venta":"1933","n_venta":"5","v_alql":"8.33","n_alql":"1","_id":"2800504011--2018-10-17_12_18_18"},{"fecha":"2018-10-17_12_18_18","cusec":"2800504012","nmun":"Alcalá de Henares","v_venta":"1801","n_venta":"5","v_alql":0,"n_alql":0,"_id":"2800504012--2018-10-17_12_18_18"},{"fecha":"2018-10-17_12_18_18","cusec":"2800504013","nmun":"Alcalá de Henares","v_venta":"2156","n_venta":"16","v_alql":"8.02","n_alql":"1","_id":"2800504013--2018-10-17_12_18_18"},{"fecha":"2018-10-17_12_18_18","cusec":"2800504014","nmun":"Alcalá de Henares","v_venta":"1971","n_venta":"18","v_alql":"4.75","n_alql":"1","_id":"2800504014--2018-10-17_12_18_18"},{"fecha":"2018-10-17_12_18_18","cusec":"2800504015","nmun":"Alcalá de Henares","v_venta":"1793","n_venta":"72","v_alql":"6.76","n_alql":"4","_id":"2800504015--2018-10-17_12_18_18"},{"fecha":"2018-10-17_12_18_18","cusec":"2800504016","nmun":"Alcalá de Henares","v_venta":"1768","n_venta":"9","v_alql":0,"n_alql":0,"_id":"2800504016--2018-10-17_12_18_18"},{"fecha":"2018-10-17_12_18_18","cusec":"2800505001","nmun":"Alcalá de Henares","v_venta":"2092","n_venta":"5","v_alql":"7.93","n_alql":"2","_id":"2800505001--2018-10-17_12_18_18"},{"fecha":"2018-10-17_12_18_18","cusec":"2800505002","nmun":"Alcalá de Henares","v_venta":"1843","n_venta":"6","v_alql":"7.88","n_alql":"1","_id":"2800505002--2018-10-17_12_18_18"},{"fecha":"2018-10-17_12_18_18","cusec":"2800505003","nmun":"Alcalá de Henares","v_venta":"1844","n_venta":"5","v_alql":"8.44","n_alql":"3","_id":"2800505003--2018-10-17_12_18_18"},{"fecha":"2018-10-17_12_18_18","cusec":"2800505004","nmun":"Alcalá de Henares","v_venta":"1733","n_venta":"5","v_alql":"7.35","n_alql":"1","_id":"2800505004--2018-10-17_12_18_18"},{"fecha":"2018-10-17_12_18_18","cusec":"2800505005","nmun":"Alcalá de Henares","v_venta":"1712","n_venta":"8","v_alql":0,"n_alql":0,"_id":"2800505005--2018-10-17_12_18_18"},{"fecha":"2018-10-17_12_18_18","cusec":"2800505006","nmun":"Alcalá de Henares","v_venta":"2444","n_venta":"1","v_alql":"9.72","n_alql":"1","_id":"2800505006--2018-10-17_12_18_18"},{"fecha":"2018-10-17_12_18_18","cusec":"2800505007","nmun":"Alcalá de Henares","v_venta":"1952","n_venta":"7","v_alql":"8.67","n_alql":"1","_id":"2800505007--2018-10-17_12_18_18"},{"fecha":"2018-10-17_12_18_18","cusec":"2800505008","nmun":"Alcalá de Henares","v_venta":"1966","n_venta":"5","v_alql":0,"n_alql":0,"_id":"2800505008--2018-10-17_12_18_18"},{"fecha":"2018-10-17_12_18_18","cusec":"2800505009","nmun":"Alcalá de Henares","v_venta":"1891","n_venta":"13","v_alql":"8.96","n_alql":"1","_id":"2800505009--2018-10-17_12_18_18"},{"fecha":"2018-10-17_12_18_18","cusec":"2800505010","nmun":"Alcalá de Henares","v_venta":"1985","n_venta":"1","v_alql":0,"n_alql":0,"_id":"2800505010--2018-10-17_12_18_18"},{"fecha":"2018-10-17_12_18_18","cusec":"2800505011","nmun":"Alcalá de Henares","v_venta":"1881","n_venta":"3","v_alql":0,"n_alql":0,"_id":"2800505011--2018-10-17_12_18_18"},{"fecha":"2018-10-17_12_18_18","cusec":"2800505012","nmun":"Alcalá de Henares","v_venta":"1853","n_venta":"1","v_alql":0,"n_alql":0,"_id":"2800505012--2018-10-17_12_18_18"},{"fecha":"2018-10-17_12_18_18","cusec":"2800505013","nmun":"Alcalá de Henares","v_venta":"1846","n_venta":"13","v_alql":0,"n_alql":0,"_id":"2800505013--2018-10-17_12_18_18"},{"fecha":"2018-10-17_12_18_18","cusec":"2800505014","nmun":"Alcalá de Henares","v_venta":"2075","n_venta":"2","v_alql":"4.67","n_alql":"1","_id":"2800505014--2018-10-17_12_18_18"},{"fecha":"2018-10-17_12_18_18","cusec":"2800505015","nmun":"Alcalá de Henares","v_venta":"1850","n_venta":"4","v_alql":0,"n_alql":0,"_id":"2800505015--2018-10-17_12_18_18"},{"fecha":"2018-10-17_12_18_18","cusec":"2800505016","nmun":"Alcalá de Henares","v_venta":"1792","n_venta":"2","v_alql":0,"n_alql":0,"_id":"2800505016--2018-10-17_12_18_18"},{"fecha":"2018-10-17_12_18_18","cusec":"2800505017","nmun":"Alcalá de Henares","v_venta":"1792","n_venta":"2","v_alql":"6.64","n_alql":"1","_id":"2800505017--2018-10-17_12_18_18"},{"fecha":"2018-10-17_12_18_18","cusec":"2800505018","nmun":"Alcalá de Henares","v_venta":0,"n_venta":0,"v_alql":0,"n_alql":0,"_id":"2800505018--2018-10-17_12_18_18"},{"fecha":"2018-10-17_12_18_18","cusec":"2800505019","nmun":"Alcalá de Henares","v_venta":"1768","n_venta":"1","v_alql":0,"n_alql":0,"_id":"2800505019--2018-10-17_12_18_18"},{"fecha":"2018-10-17_12_18_18","cusec":"2800505020","nmun":"Alcalá de Henares","v_venta":"2719","n_venta":"11","v_alql":0,"n_alql":0,"_id":"2800505020--2018-10-17_12_18_18"},{"fecha":"2018-10-17_12_18_18","cusec":"2800505021","nmun":"Alcalá de Henares","v_venta":0,"n_venta":0,"v_alql":"9.31","n_alql":"1","_id":"2800505021--2018-10-17_12_18_18"},{"fecha":"2018-10-17_12_18_18","cusec":"2800505022","nmun":"Alcalá de Henares","v_venta":"2064","n_venta":"12","v_alql":"8.91","n_alql":"4","_id":"2800505022--2018-10-17_12_18_18"},{"fecha":"2018-10-17_12_18_18","cusec":"2800505023","nmun":"Alcalá de Henares","v_venta":"1731","n_venta":"3","v_alql":0,"n_alql":0,"_id":"2800505023--2018-10-17_12_18_18"},{"fecha":"2018-10-17_12_18_18","cusec":"2800505024","nmun":"Alcalá de Henares","v_venta":"1451","n_venta":"5","v_alql":0,"n_alql":0,"_id":"2800505024--2018-10-17_12_18_18"},{"fecha":"2018-10-17_12_18_18","cusec":"2800505025","nmun":"Alcalá de Henares","v_venta":"1815","n_venta":"2","v_alql":0,"n_alql":0,"_id":"2800505025--2018-10-17_12_18_18"},{"fecha":"2018-10-17_12_18_18","cusec":"2800505026","nmun":"Alcalá de Henares","v_venta":"2320","n_venta":"4","v_alql":"8.82","n_alql":"2","_id":"2800505026--2018-10-17_12_18_18"},{"fecha":"2018-10-17_12_18_18","cusec":"2800505027","nmun":"Alcalá de Henares","v_venta":"1969","n_venta":"2","v_alql":0,"n_alql":0,"_id":"2800505027--2018-10-17_12_18_18"},{"fecha":"2018-10-17_12_18_18","cusec":"2800505028","nmun":"Alcalá de Henares","v_venta":"1924","n_venta":"4","v_alql":0,"n_alql":0,"_id":"2800505028--2018-10-17_12_18_18"},{"fecha":"2018-10-17_12_18_18","cusec":"2800505029","nmun":"Alcalá de Henares","v_venta":"1926","n_venta":"9","v_alql":"9.72","n_alql":"1","_id":"2800505029--2018-10-17_12_18_18"},{"fecha":"2018-10-17_12_18_18","cusec":"2800505030","nmun":"Alcalá de Henares","v_venta":"1976","n_venta":"2","v_alql":0,"n_alql":0,"_id":"2800505030--2018-10-17_12_18_18"},{"fecha":"2018-10-17_12_18_18","cusec":"2800505031","nmun":"Alcalá de Henares","v_venta":"1537","n_venta":"11","v_alql":0,"n_alql":0,"_id":"2800505031--2018-10-17_12_18_18"},{"fecha":"2018-10-17_12_18_18","v_venta":0,"n_venta":0,"v_alql":0,"n_alql":0,"_id":"undefined--2018-10-17_12_18_18"}],"_id":"Alcalá de Henares--initial_2018-10-17_12_18_18","nmun":"Alcalá de Henares"}