{"scrapedData":[{"fecha":"2018-10-17_12_09_53","cusec":"2800601002","nmun":"Alcobendas","v_venta":"2184","n_venta":"9","v_alql":0,"n_alql":0,"_id":"2800601002--2018-10-17_12_09_53"},{"fecha":"2018-10-17_12_09_53","cusec":"2800601003","nmun":"Alcobendas","v_venta":"2594","n_venta":"9","v_alql":0,"n_alql":0,"_id":"2800601003--2018-10-17_12_09_53"},{"fecha":"2018-10-17_12_09_53","cusec":"2800601004","nmun":"Alcobendas","v_venta":"2464","n_venta":"9","v_alql":"9.88","n_alql":"1","_id":"2800601004--2018-10-17_12_09_53"},{"fecha":"2018-10-17_12_09_53","cusec":"2800601005","nmun":"Alcobendas","v_venta":"1945","n_venta":"2","v_alql":0,"n_alql":0,"_id":"2800601005--2018-10-17_12_09_53"},{"fecha":"2018-10-17_12_09_53","cusec":"2800601006","nmun":"Alcobendas","v_venta":"2124","n_venta":"3","v_alql":0,"n_alql":0,"_id":"2800601006--2018-10-17_12_09_53"},{"fecha":"2018-10-17_12_09_53","cusec":"2800601007","nmun":"Alcobendas","v_venta":"1641","n_venta":"4","v_alql":"11.43","n_alql":"1","_id":"2800601007--2018-10-17_12_09_53"},{"fecha":"2018-10-17_12_09_53","cusec":"2800601008","nmun":"Alcobendas","v_venta":"2848","n_venta":"3","v_alql":0,"n_alql":0,"_id":"2800601008--2018-10-17_12_09_53"},{"fecha":"2018-10-17_12_09_53","cusec":"2800601009","nmun":"Alcobendas","v_venta":"2550","n_venta":"18","v_alql":"10.57","n_alql":"1","_id":"2800601009--2018-10-17_12_09_53"},{"fecha":"2018-10-17_12_09_53","cusec":"2800601011","nmun":"Alcobendas","v_venta":"2800","n_venta":"1","v_alql":0,"n_alql":0,"_id":"2800601011--2018-10-17_12_09_53"},{"fecha":"2018-10-17_12_09_53","cusec":"2800601012","nmun":"Alcobendas","v_venta":0,"n_venta":0,"v_alql":0,"n_alql":0,"_id":"2800601012--2018-10-17_12_09_53"},{"fecha":"2018-10-17_12_09_53","cusec":"2800601013","nmun":"Alcobendas","v_venta":"2127","n_venta":"6","v_alql":0,"n_alql":0,"_id":"2800601013--2018-10-17_12_09_53"},{"fecha":"2018-10-17_12_09_53","cusec":"2800601014","nmun":"Alcobendas","v_venta":"2207","n_venta":"6","v_alql":"13.83","n_alql":"3","_id":"2800601014--2018-10-17_12_09_53"},{"fecha":"2018-10-17_12_09_53","cusec":"2800601015","nmun":"Alcobendas","v_venta":"2055","n_venta":"5","v_alql":0,"n_alql":0,"_id":"2800601015--2018-10-17_12_09_53"},{"fecha":"2018-10-17_12_09_53","cusec":"2800601016","nmun":"Alcobendas","v_venta":"2175","n_venta":"6","v_alql":"10.67","n_alql":"1","_id":"2800601016--2018-10-17_12_09_53"},{"fecha":"2018-10-17_12_09_53","cusec":"2800601017","nmun":"Alcobendas","v_venta":"3094","n_venta":"3","v_alql":0,"n_alql":0,"_id":"2800601017--2018-10-17_12_09_53"},{"fecha":"2018-10-17_12_09_53","cusec":"2800601018","nmun":"Alcobendas","v_venta":"2292","n_venta":"12","v_alql":0,"n_alql":0,"_id":"2800601018--2018-10-17_12_09_53"},{"fecha":"2018-10-17_12_09_53","cusec":"2800601019","nmun":"Alcobendas","v_venta":0,"n_venta":0,"v_alql":0,"n_alql":0,"_id":"2800601019--2018-10-17_12_09_53"},{"fecha":"2018-10-17_12_09_53","cusec":"2800601020","nmun":"Alcobendas","v_venta":"2218","n_venta":"2","v_alql":"15.12","n_alql":"1","_id":"2800601020--2018-10-17_12_09_53"},{"fecha":"2018-10-17_12_09_53","cusec":"2800601021","nmun":"Alcobendas","v_venta":"2539","n_venta":"6","v_alql":"12.27","n_alql":"1","_id":"2800601021--2018-10-17_12_09_53"},{"fecha":"2018-10-17_12_09_53","cusec":"2800601022","nmun":"Alcobendas","v_venta":"2186","n_venta":"4","v_alql":0,"n_alql":0,"_id":"2800601022--2018-10-17_12_09_53"},{"fecha":"2018-10-17_12_09_53","cusec":"2800601023","nmun":"Alcobendas","v_venta":"2346","n_venta":"7","v_alql":"11.94","n_alql":"1","_id":"2800601023--2018-10-17_12_09_53"},{"fecha":"2018-10-17_12_09_53","cusec":"2800601024","nmun":"Alcobendas","v_venta":"2238","n_venta":"1","v_alql":0,"n_alql":0,"_id":"2800601024--2018-10-17_12_09_53"},{"fecha":"2018-10-17_12_09_53","cusec":"2800601025","nmun":"Alcobendas","v_venta":"2537","n_venta":"4","v_alql":"9.50","n_alql":"1","_id":"2800601025--2018-10-17_12_09_53"},{"fecha":"2018-10-17_12_09_53","cusec":"2800601026","nmun":"Alcobendas","v_venta":0,"n_venta":0,"v_alql":0,"n_alql":0,"_id":"2800601026--2018-10-17_12_09_53"},{"fecha":"2018-10-17_12_09_53","cusec":"2800601027","nmun":"Alcobendas","v_venta":"2154","n_venta":"1","v_alql":0,"n_alql":0,"_id":"2800601027--2018-10-17_12_09_53"},{"fecha":"2018-10-17_12_09_53","cusec":"2800601028","nmun":"Alcobendas","v_venta":"2479","n_venta":"3","v_alql":"12.15","n_alql":"1","_id":"2800601028--2018-10-17_12_09_53"},{"fecha":"2018-10-17_12_09_53","cusec":"2800601029","nmun":"Alcobendas","v_venta":"2529","n_venta":"2","v_alql":0,"n_alql":0,"_id":"2800601029--2018-10-17_12_09_53"},{"fecha":"2018-10-17_12_18_18","cusec":"2800601030","nmun":"Alcobendas","v_venta":"2569","n_venta":"15","v_alql":"11.43","n_alql":"1","_id":"2800601030--2018-10-17_12_18_18"},{"fecha":"2018-10-17_12_18_18","cusec":"2800601031","nmun":"Alcobendas","v_venta":"3019","n_venta":"11","v_alql":0,"n_alql":0,"_id":"2800601031--2018-10-17_12_18_18"},{"fecha":"2018-10-17_12_18_18","cusec":"2800601032","nmun":"Alcobendas","v_venta":"2630","n_venta":"9","v_alql":"12.63","n_alql":"1","_id":"2800601032--2018-10-17_12_18_18"},{"fecha":"2018-10-17_12_18_18","cusec":"2800601033","nmun":"Alcobendas","v_venta":"4168","n_venta":"55","v_alql":"13.92","n_alql":"34","_id":"2800601033--2018-10-17_12_18_18"},{"fecha":"2018-10-17_12_18_18","cusec":"2800601034","nmun":"Alcobendas","v_venta":"4783","n_venta":"24","v_alql":"14.93","n_alql":"8","_id":"2800601034--2018-10-17_12_18_18"},{"fecha":"2018-10-17_12_18_18","cusec":"2800601035","nmun":"Alcobendas","v_venta":0,"n_venta":0,"v_alql":0,"n_alql":0,"_id":"2800601035--2018-10-17_12_18_18"},{"fecha":"2018-10-17_12_18_18","cusec":"2800601036","nmun":"Alcobendas","v_venta":0,"n_venta":0,"v_alql":0,"n_alql":0,"_id":"2800601036--2018-10-17_12_18_18"},{"fecha":"2018-10-17_12_55_29","cusec":"2800601037","nmun":"Alcobendas","v_venta":"4106","n_venta":"134","v_alql":"15.20","n_alql":"32","_id":"2800601037--2018-10-17_12_55_29"},{"fecha":"2018-10-17_12_55_29","cusec":"2800601038","nmun":"Alcobendas","v_venta":"2619","n_venta":"12","v_alql":"12.63","n_alql":"1","_id":"2800601038--2018-10-17_12_55_29"},{"fecha":"2018-10-17_12_55_29","cusec":"2800601039","nmun":"Alcobendas","v_venta":"4273","n_venta":"23","v_alql":"13.55","n_alql":"14","_id":"2800601039--2018-10-17_12_55_29"},{"fecha":"2018-10-17_13_18_06","cusec":"2800601040","nmun":"Alcobendas","v_venta":"4918","n_venta":"82","v_alql":"15.09","n_alql":"15","_id":"2800601040--2018-10-17_13_18_06"},{"fecha":"2018-10-17_13_18_06","cusec":"2800601041","nmun":"Alcobendas","v_venta":"5102","n_venta":"50","v_alql":"15.26","n_alql":"26","_id":"2800601041--2018-10-17_13_18_06"},{"fecha":"2018-10-17_13_18_06","cusec":"2800601042","nmun":"Alcobendas","v_venta":"2299","n_venta":"4","v_alql":"19.44","n_alql":"1","_id":"2800601042--2018-10-17_13_18_06"},{"fecha":"2018-10-17_13_18_06","cusec":"2800601043","nmun":"Alcobendas","v_venta":0,"n_venta":0,"v_alql":0,"n_alql":0,"_id":"2800601043--2018-10-17_13_18_06"},{"fecha":"2018-10-17_13_18_06","cusec":"2800601044","nmun":"Alcobendas","v_venta":"2847","n_venta":"4","v_alql":0,"n_alql":0,"_id":"2800601044--2018-10-17_13_18_06"},{"fecha":"2018-10-17_13_18_06","cusec":"2800601045","nmun":"Alcobendas","v_venta":"2455","n_venta":"8","v_alql":"8.66","n_alql":"1","_id":"2800601045--2018-10-17_13_18_06"},{"fecha":"2018-10-17_13_18_06","cusec":"2800601046","nmun":"Alcobendas","v_venta":"2276","n_venta":"12","v_alql":0,"n_alql":0,"_id":"2800601046--2018-10-17_13_18_06"},{"fecha":"2018-10-17_13_18_06","cusec":"2800601047","nmun":"Alcobendas","v_venta":"2521","n_venta":"4","v_alql":0,"n_alql":0,"_id":"2800601047--2018-10-17_13_18_06"},{"fecha":"2018-10-17_13_18_06","cusec":"2800601048","nmun":"Alcobendas","v_venta":"4406","n_venta":"39","v_alql":"14.05","n_alql":"15","_id":"2800601048--2018-10-17_13_18_06"},{"fecha":"2018-10-17_13_18_06","cusec":"2800601049","nmun":"Alcobendas","v_venta":0,"n_venta":0,"v_alql":0,"n_alql":0,"_id":"2800601049--2018-10-17_13_18_06"},{"fecha":"2018-10-17_13_18_06","cusec":"2800601050","nmun":"Alcobendas","v_venta":"2883","n_venta":"5","v_alql":0,"n_alql":0,"_id":"2800601050--2018-10-17_13_18_06"},{"fecha":"2018-10-17_13_18_06","cusec":"2800601051","nmun":"Alcobendas","v_venta":"3154","n_venta":"7","v_alql":0,"n_alql":0,"_id":"2800601051--2018-10-17_13_18_06"},{"fecha":"2018-10-17_13_18_06","cusec":"2800601052","nmun":"Alcobendas","v_venta":"3020","n_venta":"10","v_alql":"10.01","n_alql":"3","_id":"2800601052--2018-10-17_13_18_06"},{"fecha":"2018-10-17_13_18_06","cusec":"2800601053","nmun":"Alcobendas","v_venta":"3635","n_venta":"5","v_alql":0,"n_alql":0,"_id":"2800601053--2018-10-17_13_18_06"},{"fecha":"2018-10-17_13_18_06","cusec":"2800601054","nmun":"Alcobendas","v_venta":"3286","n_venta":"5","v_alql":"12.25","n_alql":"6","_id":"2800601054--2018-10-17_13_18_06"},{"fecha":"2018-10-17_13_18_06","cusec":"2800601055","nmun":"Alcobendas","v_venta":"3753","n_venta":"4","v_alql":"10.45","n_alql":"3","_id":"2800601055--2018-10-17_13_18_06"},{"fecha":"2018-10-17_13_18_06","cusec":"2800601056","nmun":"Alcobendas","v_venta":"3476","n_venta":"1","v_alql":"10.92","n_alql":"4","_id":"2800601056--2018-10-17_13_18_06"},{"fecha":"2018-10-17_13_18_06","cusec":"2800601057","nmun":"Alcobendas","v_venta":"3662","n_venta":"6","v_alql":"13.42","n_alql":"4","_id":"2800601057--2018-10-17_13_18_06"},{"fecha":"2018-10-17_13_18_06","cusec":"2800601058","nmun":"Alcobendas","v_venta":"3412","n_venta":"1","v_alql":0,"n_alql":0,"_id":"2800601058--2018-10-17_13_18_06"},{"fecha":"2018-10-17_13_18_06","cusec":"2800601059","nmun":"Alcobendas","v_venta":"5101","n_venta":"78","v_alql":"15.74","n_alql":"64","_id":"2800601059--2018-10-17_13_18_06"},{"fecha":"2018-10-17_13_18_06","cusec":"2800601060","nmun":"Alcobendas","v_venta":"2910","n_venta":"45","v_alql":"13.74","n_alql":"24","_id":"2800601060--2018-10-17_13_18_06"},{"fecha":"2018-10-17_13_18_06","cusec":"2800601061","nmun":"Alcobendas","v_venta":"3137","n_venta":"4","v_alql":0,"n_alql":0,"_id":"2800601061--2018-10-17_13_18_06"},{"fecha":"2018-10-17_13_18_06","cusec":"2800601062","nmun":"Alcobendas","v_venta":"3449","n_venta":"2","v_alql":"13.84","n_alql":"1","_id":"2800601062--2018-10-17_13_18_06"},{"fecha":"2018-10-17_13_18_06","cusec":"2800601063","nmun":"Alcobendas","v_venta":"3488","n_venta":"25","v_alql":"13.33","n_alql":"3","_id":"2800601063--2018-10-17_13_18_06"},{"fecha":"2018-10-17_13_18_06","v_venta":0,"n_venta":0,"v_alql":0,"n_alql":0,"_id":"undefined--2018-10-17_13_18_06"}],"_id":"Alcobendas--initial_2018-10-17_12_18_18","nmun":"Alcobendas"}