{"scrapedData":[{"fecha":"2018-10-17_11_31_36","cusec":"2800701001","nmun":"Alcorcón","v_venta":0,"n_venta":0,"v_alql":0,"n_alql":0,"_id":"2800701001--2018-10-17_11_31_36"},{"fecha":"2018-10-17_11_31_36","cusec":"2800701002","nmun":"Alcorcón","v_venta":"1663","n_venta":"7","v_alql":"7.73","n_alql":"2","_id":"2800701002--2018-10-17_11_31_36"},{"fecha":"2018-10-17_11_31_36","cusec":"2800701003","nmun":"Alcorcón","v_venta":"1721","n_venta":"6","v_alql":"12.50","n_alql":"1","_id":"2800701003--2018-10-17_11_31_36"},{"fecha":"2018-10-17_11_31_36","cusec":"2800701004","nmun":"Alcorcón","v_venta":"1875","n_venta":"2","v_alql":0,"n_alql":0,"_id":"2800701004--2018-10-17_11_31_36"},{"fecha":"2018-10-17_11_31_36","cusec":"2800701005","nmun":"Alcorcón","v_venta":"1983","n_venta":"6","v_alql":0,"n_alql":0,"_id":"2800701005--2018-10-17_11_31_36"},{"fecha":"2018-10-17_11_31_36","cusec":"2800701006","nmun":"Alcorcón","v_venta":"2167","n_venta":"5","v_alql":"15.83","n_alql":"1","_id":"2800701006--2018-10-17_11_31_36"},{"fecha":"2018-10-17_11_31_36","cusec":"2800701007","nmun":"Alcorcón","v_venta":"1771","n_venta":"9","v_alql":"14.11","n_alql":"2","_id":"2800701007--2018-10-17_11_31_36"},{"fecha":"2018-10-17_11_31_36","cusec":"2800701008","nmun":"Alcorcón","v_venta":"1732","n_venta":"7","v_alql":"10.83","n_alql":"1","_id":"2800701008--2018-10-17_11_31_36"},{"fecha":"2018-10-17_11_31_36","cusec":"2800701009","nmun":"Alcorcón","v_venta":0,"n_venta":0,"v_alql":"10.00","n_alql":"1","_id":"2800701009--2018-10-17_11_31_36"},{"fecha":"2018-10-17_11_31_36","cusec":"2800701010","nmun":"Alcorcón","v_venta":"1960","n_venta":"9","v_alql":"9.19","n_alql":"2","_id":"2800701010--2018-10-17_11_31_36"},{"fecha":"2018-10-17_11_31_36","cusec":"2800701011","nmun":"Alcorcón","v_venta":"1875","n_venta":"5","v_alql":0,"n_alql":0,"_id":"2800701011--2018-10-17_11_31_36"},{"fecha":"2018-10-17_11_31_36","cusec":"2800701012","nmun":"Alcorcón","v_venta":"1435","n_venta":"4","v_alql":"10.19","n_alql":"3","_id":"2800701012--2018-10-17_11_31_36"},{"fecha":"2018-10-17_11_31_36","cusec":"2800701013","nmun":"Alcorcón","v_venta":"3173","n_venta":"1","v_alql":0,"n_alql":0,"_id":"2800701013--2018-10-17_11_31_36"},{"fecha":"2018-10-17_11_31_36","cusec":"2800701014","nmun":"Alcorcón","v_venta":"2497","n_venta":"2","v_alql":"12.99","n_alql":"2","_id":"2800701014--2018-10-17_11_31_36"},{"fecha":"2018-10-17_11_31_36","cusec":"2800701015","nmun":"Alcorcón","v_venta":0,"n_venta":0,"v_alql":0,"n_alql":0,"_id":"2800701015--2018-10-17_11_31_36"},{"fecha":"2018-10-17_11_31_36","cusec":"2800701016","nmun":"Alcorcón","v_venta":"2606","n_venta":"5","v_alql":"8.62","n_alql":"5","_id":"2800701016--2018-10-17_11_31_36"},{"fecha":"2018-10-17_11_31_36","cusec":"2800701017","nmun":"Alcorcón","v_venta":"2425","n_venta":"10","v_alql":"10.28","n_alql":"4","_id":"2800701017--2018-10-17_11_31_36"},{"fecha":"2018-10-17_11_31_36","cusec":"2800701018","nmun":"Alcorcón","v_venta":"2416","n_venta":"46","v_alql":"10.39","n_alql":"3","_id":"2800701018--2018-10-17_11_31_36"},{"fecha":"2018-10-17_11_31_36","cusec":"2800702001","nmun":"Alcorcón","v_venta":"2780","n_venta":"2","v_alql":0,"n_alql":0,"_id":"2800702001--2018-10-17_11_31_36"},{"fecha":"2018-10-17_11_31_36","cusec":"2800702002","nmun":"Alcorcón","v_venta":"2054","n_venta":"4","v_alql":0,"n_alql":0,"_id":"2800702002--2018-10-17_11_31_36"},{"fecha":"2018-10-17_11_31_36","cusec":"2800702003","nmun":"Alcorcón","v_venta":"2210","n_venta":"2","v_alql":0,"n_alql":0,"_id":"2800702003--2018-10-17_11_31_36"},{"fecha":"2018-10-17_11_31_36","cusec":"2800702004","nmun":"Alcorcón","v_venta":"1807","n_venta":"2","v_alql":0,"n_alql":0,"_id":"2800702004--2018-10-17_11_31_36"},{"fecha":"2018-10-17_11_31_36","cusec":"2800702005","nmun":"Alcorcón","v_venta":"2121","n_venta":"2","v_alql":0,"n_alql":0,"_id":"2800702005--2018-10-17_11_31_36"},{"fecha":"2018-10-17_11_31_36","cusec":"2800702006","nmun":"Alcorcón","v_venta":"2895","n_venta":"1","v_alql":0,"n_alql":0,"_id":"2800702006--2018-10-17_11_31_36"},{"fecha":"2018-10-17_11_31_36","cusec":"2800702007","nmun":"Alcorcón","v_venta":"2170","n_venta":"1","v_alql":0,"n_alql":0,"_id":"2800702007--2018-10-17_11_31_36"},{"fecha":"2018-10-17_11_31_36","cusec":"2800702008","nmun":"Alcorcón","v_venta":"3032","n_venta":"2","v_alql":"7.80","n_alql":"1","_id":"2800702008--2018-10-17_11_31_36"},{"fecha":"2018-10-17_11_31_36","cusec":"2800702009","nmun":"Alcorcón","v_venta":"2257","n_venta":"3","v_alql":"8.43","n_alql":"2","_id":"2800702009--2018-10-17_11_31_36"},{"fecha":"2018-10-17_11_31_36","cusec":"2800702010","nmun":"Alcorcón","v_venta":"2252","n_venta":"2","v_alql":0,"n_alql":0,"_id":"2800702010--2018-10-17_11_31_36"},{"fecha":"2018-10-17_11_31_36","cusec":"2800702011","nmun":"Alcorcón","v_venta":"2331","n_venta":"2","v_alql":0,"n_alql":0,"_id":"2800702011--2018-10-17_11_31_36"},{"fecha":"2018-10-17_11_31_36","cusec":"2800702012","nmun":"Alcorcón","v_venta":"1816","n_venta":"4","v_alql":"8.27","n_alql":"1","_id":"2800702012--2018-10-17_11_31_36"},{"fecha":"2018-10-17_11_31_36","cusec":"2800702013","nmun":"Alcorcón","v_venta":"1921","n_venta":"3","v_alql":0,"n_alql":0,"_id":"2800702013--2018-10-17_11_31_36"},{"fecha":"2018-10-17_11_31_36","cusec":"2800702014","nmun":"Alcorcón","v_venta":"2007","n_venta":"3","v_alql":"9.72","n_alql":"1","_id":"2800702014--2018-10-17_11_31_36"},{"fecha":"2018-10-17_11_31_36","cusec":"2800702015","nmun":"Alcorcón","v_venta":"2197","n_venta":"20","v_alql":"9.30","n_alql":"1","_id":"2800702015--2018-10-17_11_31_36"},{"fecha":"2018-10-17_11_31_36","cusec":"2800702016","nmun":"Alcorcón","v_venta":"2599","n_venta":"6","v_alql":0,"n_alql":0,"_id":"2800702016--2018-10-17_11_31_36"},{"fecha":"2018-10-17_11_31_36","cusec":"2800702017","nmun":"Alcorcón","v_venta":"1752","n_venta":"2","v_alql":"13.39","n_alql":"1","_id":"2800702017--2018-10-17_11_31_36"},{"fecha":"2018-10-17_11_31_36","cusec":"2800702019","nmun":"Alcorcón","v_venta":"2199","n_venta":"2","v_alql":0,"n_alql":0,"_id":"2800702019--2018-10-17_11_31_36"},{"fecha":"2018-10-17_11_31_36","cusec":"2800702020","nmun":"Alcorcón","v_venta":"2216","n_venta":"6","v_alql":"9.00","n_alql":"1","_id":"2800702020--2018-10-17_11_31_36"},{"fecha":"2018-10-17_11_31_36","cusec":"2800702021","nmun":"Alcorcón","v_venta":"2838","n_venta":"2","v_alql":0,"n_alql":0,"_id":"2800702021--2018-10-17_11_31_36"},{"fecha":"2018-10-17_11_31_36","cusec":"2800702022","nmun":"Alcorcón","v_venta":"2313","n_venta":"3","v_alql":"10.45","n_alql":"1","_id":"2800702022--2018-10-17_11_31_36"},{"fecha":"2018-10-17_11_31_36","cusec":"2800702023","nmun":"Alcorcón","v_venta":"2228","n_venta":"3","v_alql":0,"n_alql":0,"_id":"2800702023--2018-10-17_11_31_36"},{"fecha":"2018-10-17_11_31_36","cusec":"2800702024","nmun":"Alcorcón","v_venta":"2145","n_venta":"2","v_alql":0,"n_alql":0,"_id":"2800702024--2018-10-17_11_31_36"},{"fecha":"2018-10-17_11_31_36","cusec":"2800702025","nmun":"Alcorcón","v_venta":0,"n_venta":0,"v_alql":0,"n_alql":0,"_id":"2800702025--2018-10-17_11_31_36"},{"fecha":"2018-10-17_11_31_36","cusec":"2800702026","nmun":"Alcorcón","v_venta":0,"n_venta":0,"v_alql":0,"n_alql":0,"_id":"2800702026--2018-10-17_11_31_36"},{"fecha":"2018-10-17_11_31_36","cusec":"2800702027","nmun":"Alcorcón","v_venta":"2696","n_venta":"3","v_alql":"11.28","n_alql":"2","_id":"2800702027--2018-10-17_11_31_36"},{"fecha":"2018-10-17_11_31_36","cusec":"2800702028","nmun":"Alcorcón","v_venta":"2326","n_venta":"5","v_alql":"10.20","n_alql":"2","_id":"2800702028--2018-10-17_11_31_36"},{"fecha":"2018-10-17_11_31_36","cusec":"2800702029","nmun":"Alcorcón","v_venta":"2456","n_venta":"3","v_alql":"10.56","n_alql":"1","_id":"2800702029--2018-10-17_11_31_36"},{"fecha":"2018-10-17_11_31_36","cusec":"2800702030","nmun":"Alcorcón","v_venta":"2254","n_venta":"5","v_alql":0,"n_alql":0,"_id":"2800702030--2018-10-17_11_31_36"},{"fecha":"2018-10-17_12_05_49","cusec":"2800702031","nmun":"Alcorcón","v_venta":"2810","n_venta":"2","v_alql":0,"n_alql":0,"_id":"2800702031--2018-10-17_12_05_49"},{"fecha":"2018-10-17_12_05_49","cusec":"2800702032","nmun":"Alcorcón","v_venta":"2692","n_venta":"4","v_alql":0,"n_alql":0,"_id":"2800702032--2018-10-17_12_05_49"},{"fecha":"2018-10-17_12_05_49","cusec":"2800702033","nmun":"Alcorcón","v_venta":"2568","n_venta":"11","v_alql":0,"n_alql":0,"_id":"2800702033--2018-10-17_12_05_49"},{"fecha":"2018-10-17_12_05_49","cusec":"2800702034","nmun":"Alcorcón","v_venta":"2839","n_venta":"6","v_alql":"9.60","n_alql":"4","_id":"2800702034--2018-10-17_12_05_49"},{"fecha":"2018-10-17_12_05_49","cusec":"2800702035","nmun":"Alcorcón","v_venta":"2657","n_venta":"3","v_alql":0,"n_alql":0,"_id":"2800702035--2018-10-17_12_05_49"},{"fecha":"2018-10-17_12_05_49","cusec":"2800702036","nmun":"Alcorcón","v_venta":0,"n_venta":0,"v_alql":0,"n_alql":0,"_id":"2800702036--2018-10-17_12_05_49"},{"fecha":"2018-10-17_12_05_49","cusec":"2800702037","nmun":"Alcorcón","v_venta":"2657","n_venta":"5","v_alql":0,"n_alql":0,"_id":"2800702037--2018-10-17_12_05_49"},{"fecha":"2018-10-17_12_05_49","cusec":"2800702038","nmun":"Alcorcón","v_venta":"3124","n_venta":"2","v_alql":0,"n_alql":0,"_id":"2800702038--2018-10-17_12_05_49"},{"fecha":"2018-10-17_12_05_49","cusec":"2800703001","nmun":"Alcorcón","v_venta":"1883","n_venta":"4","v_alql":"13.40","n_alql":"2","_id":"2800703001--2018-10-17_12_05_49"},{"fecha":"2018-10-17_12_05_49","cusec":"2800703002","nmun":"Alcorcón","v_venta":"2078","n_venta":"2","v_alql":0,"n_alql":0,"_id":"2800703002--2018-10-17_12_05_49"},{"fecha":"2018-10-17_12_05_49","cusec":"2800703003","nmun":"Alcorcón","v_venta":"1875","n_venta":"1","v_alql":"10.83","n_alql":"1","_id":"2800703003--2018-10-17_12_05_49"},{"fecha":"2018-10-17_12_05_49","cusec":"2800703004","nmun":"Alcorcón","v_venta":"2234","n_venta":"3","v_alql":0,"n_alql":0,"_id":"2800703004--2018-10-17_12_05_49"},{"fecha":"2018-10-17_12_05_49","cusec":"2800703005","nmun":"Alcorcón","v_venta":"1799","n_venta":"7","v_alql":0,"n_alql":0,"_id":"2800703005--2018-10-17_12_05_49"},{"fecha":"2018-10-17_12_05_49","cusec":"2800703006","nmun":"Alcorcón","v_venta":0,"n_venta":0,"v_alql":0,"n_alql":0,"_id":"2800703006--2018-10-17_12_05_49"},{"fecha":"2018-10-17_12_05_49","cusec":"2800703007","nmun":"Alcorcón","v_venta":"1811","n_venta":"5","v_alql":"10.71","n_alql":"1","_id":"2800703007--2018-10-17_12_05_49"},{"fecha":"2018-10-17_12_05_49","cusec":"2800703008","nmun":"Alcorcón","v_venta":"2028","n_venta":"2","v_alql":0,"n_alql":0,"_id":"2800703008--2018-10-17_12_05_49"},{"fecha":"2018-10-17_12_05_49","cusec":"2800703009","nmun":"Alcorcón","v_venta":"1844","n_venta":"3","v_alql":"15.12","n_alql":"1","_id":"2800703009--2018-10-17_12_05_49"},{"fecha":"2018-10-17_12_05_49","cusec":"2800703010","nmun":"Alcorcón","v_venta":"2176","n_venta":"2","v_alql":0,"n_alql":0,"_id":"2800703010--2018-10-17_12_05_49"},{"fecha":"2018-10-17_12_05_49","cusec":"2800703011","nmun":"Alcorcón","v_venta":"1575","n_venta":"1","v_alql":0,"n_alql":0,"_id":"2800703011--2018-10-17_12_05_49"},{"fecha":"2018-10-17_12_05_49","cusec":"2800703012","nmun":"Alcorcón","v_venta":"2677","n_venta":"4","v_alql":"10.00","n_alql":"1","_id":"2800703012--2018-10-17_12_05_49"},{"fecha":"2018-10-17_12_05_49","cusec":"2800703013","nmun":"Alcorcón","v_venta":"2333","n_venta":"1","v_alql":"9.47","n_alql":"1","_id":"2800703013--2018-10-17_12_05_49"},{"fecha":"2018-10-17_12_05_49","cusec":"2800703014","nmun":"Alcorcón","v_venta":"2234","n_venta":"3","v_alql":0,"n_alql":0,"_id":"2800703014--2018-10-17_12_05_49"},{"fecha":"2018-10-17_12_05_49","cusec":"2800703015","nmun":"Alcorcón","v_venta":0,"n_venta":0,"v_alql":0,"n_alql":0,"_id":"2800703015--2018-10-17_12_05_49"},{"fecha":"2018-10-17_12_05_49","cusec":"2800703016","nmun":"Alcorcón","v_venta":"2339","n_venta":"3","v_alql":0,"n_alql":0,"_id":"2800703016--2018-10-17_12_05_49"},{"fecha":"2018-10-17_12_05_49","cusec":"2800703017","nmun":"Alcorcón","v_venta":"2275","n_venta":"1","v_alql":"9.29","n_alql":"1","_id":"2800703017--2018-10-17_12_05_49"},{"fecha":"2018-10-17_12_05_49","cusec":"2800703018","nmun":"Alcorcón","v_venta":"1869","n_venta":"2","v_alql":0,"n_alql":0,"_id":"2800703018--2018-10-17_12_05_49"},{"fecha":"2018-10-17_12_05_49","cusec":"2800703019","nmun":"Alcorcón","v_venta":"1832","n_venta":"2","v_alql":0,"n_alql":0,"_id":"2800703019--2018-10-17_12_05_49"},{"fecha":"2018-10-17_12_05_49","cusec":"2800703020","nmun":"Alcorcón","v_venta":"2180","n_venta":"2","v_alql":"8.75","n_alql":"1","_id":"2800703020--2018-10-17_12_05_49"},{"fecha":"2018-10-17_12_05_49","cusec":"2800703021","nmun":"Alcorcón","v_venta":"2517","n_venta":"5","v_alql":"9.29","n_alql":"1","_id":"2800703021--2018-10-17_12_05_49"},{"fecha":"2018-10-17_12_05_49","cusec":"2800703022","nmun":"Alcorcón","v_venta":0,"n_venta":0,"v_alql":0,"n_alql":0,"_id":"2800703022--2018-10-17_12_05_49"},{"fecha":"2018-10-17_13_18_06","cusec":"2800703023","nmun":"Alcorcón","v_venta":"2074","n_venta":"1","v_alql":0,"n_alql":0,"_id":"2800703023--2018-10-17_13_18_06"},{"fecha":"2018-10-17_13_18_06","cusec":"2800703024","nmun":"Alcorcón","v_venta":"1860","n_venta":"1","v_alql":"9.30","n_alql":"1","_id":"2800703024--2018-10-17_13_18_06"},{"fecha":"2018-10-17_13_18_06","cusec":"2800703025","nmun":"Alcorcón","v_venta":"2132","n_venta":"2","v_alql":0,"n_alql":0,"_id":"2800703025--2018-10-17_13_18_06"},{"fecha":"2018-10-17_13_18_06","cusec":"2800703026","nmun":"Alcorcón","v_venta":"1500","n_venta":"1","v_alql":"8.77","n_alql":"1","_id":"2800703026--2018-10-17_13_18_06"},{"fecha":"2018-10-17_13_18_06","cusec":"2800703027","nmun":"Alcorcón","v_venta":"2299","n_venta":"1","v_alql":"7.88","n_alql":"1","_id":"2800703027--2018-10-17_13_18_06"},{"fecha":"2018-10-17_13_18_06","cusec":"2800703028","nmun":"Alcorcón","v_venta":"2061","n_venta":"1","v_alql":0,"n_alql":0,"_id":"2800703028--2018-10-17_13_18_06"},{"fecha":"2018-10-17_13_18_06","cusec":"2800703029","nmun":"Alcorcón","v_venta":"1996","n_venta":"2","v_alql":0,"n_alql":0,"_id":"2800703029--2018-10-17_13_18_06"},{"fecha":"2018-10-17_13_18_06","cusec":"2800704001","nmun":"Alcorcón","v_venta":0,"n_venta":0,"v_alql":0,"n_alql":0,"_id":"2800704001--2018-10-17_13_18_06"},{"fecha":"2018-10-17_13_18_06","cusec":"2800704002","nmun":"Alcorcón","v_venta":"1830","n_venta":"3","v_alql":0,"n_alql":0,"_id":"2800704002--2018-10-17_13_18_06"},{"fecha":"2018-10-17_13_18_06","cusec":"2800704003","nmun":"Alcorcón","v_venta":"1835","n_venta":"9","v_alql":"10.00","n_alql":"1","_id":"2800704003--2018-10-17_13_18_06"},{"fecha":"2018-10-17_13_18_06","cusec":"2800704004","nmun":"Alcorcón","v_venta":"2016","n_venta":"2","v_alql":0,"n_alql":0,"_id":"2800704004--2018-10-17_13_18_06"},{"fecha":"2018-10-17_13_18_06","cusec":"2800704005","nmun":"Alcorcón","v_venta":"1932","n_venta":"3","v_alql":0,"n_alql":0,"_id":"2800704005--2018-10-17_13_18_06"},{"fecha":"2018-10-17_13_18_06","cusec":"2800704006","nmun":"Alcorcón","v_venta":"1774","n_venta":"1","v_alql":0,"n_alql":0,"_id":"2800704006--2018-10-17_13_18_06"},{"fecha":"2018-10-17_13_18_06","cusec":"2800704007","nmun":"Alcorcón","v_venta":0,"n_venta":0,"v_alql":"7.50","n_alql":"1","_id":"2800704007--2018-10-17_13_18_06"},{"fecha":"2018-10-17_13_18_06","cusec":"2800704008","nmun":"Alcorcón","v_venta":"1844","n_venta":"6","v_alql":0,"n_alql":0,"_id":"2800704008--2018-10-17_13_18_06"},{"fecha":"2018-10-17_13_18_06","cusec":"2800704009","nmun":"Alcorcón","v_venta":"1629","n_venta":"3","v_alql":0,"n_alql":0,"_id":"2800704009--2018-10-17_13_18_06"},{"fecha":"2018-10-17_13_18_06","cusec":"2800704010","nmun":"Alcorcón","v_venta":"1779","n_venta":"3","v_alql":0,"n_alql":0,"_id":"2800704010--2018-10-17_13_18_06"},{"fecha":"2018-10-17_13_18_06","cusec":"2800704011","nmun":"Alcorcón","v_venta":"1873","n_venta":"2","v_alql":"11.46","n_alql":"1","_id":"2800704011--2018-10-17_13_18_06"},{"fecha":"2018-10-17_13_18_06","cusec":"2800704012","nmun":"Alcorcón","v_venta":"1777","n_venta":"9","v_alql":"9.47","n_alql":"1","_id":"2800704012--2018-10-17_13_18_06"},{"fecha":"2018-10-17_13_18_06","cusec":"2800704013","nmun":"Alcorcón","v_venta":"1926","n_venta":"8","v_alql":0,"n_alql":0,"_id":"2800704013--2018-10-17_13_18_06"},{"fecha":"2018-10-17_13_18_06","cusec":"2800704014","nmun":"Alcorcón","v_venta":"1707","n_venta":"5","v_alql":0,"n_alql":0,"_id":"2800704014--2018-10-17_13_18_06"},{"fecha":"2018-10-17_13_18_06","cusec":"2800704015","nmun":"Alcorcón","v_venta":0,"n_venta":0,"v_alql":0,"n_alql":0,"_id":"2800704015--2018-10-17_13_18_06"},{"fecha":"2018-10-17_13_18_06","cusec":"2800704016","nmun":"Alcorcón","v_venta":"1929","n_venta":"1","v_alql":0,"n_alql":0,"_id":"2800704016--2018-10-17_13_18_06"},{"fecha":"2018-10-17_13_18_06","cusec":"2800704017","nmun":"Alcorcón","v_venta":"1705","n_venta":"5","v_alql":0,"n_alql":0,"_id":"2800704017--2018-10-17_13_18_06"},{"fecha":"2018-10-17_13_18_06","cusec":"2800704018","nmun":"Alcorcón","v_venta":0,"n_venta":0,"v_alql":"8.95","n_alql":"1","_id":"2800704018--2018-10-17_13_18_06"},{"fecha":"2018-10-17_13_18_06","cusec":"2800704019","nmun":"Alcorcón","v_venta":"1941","n_venta":"1","v_alql":0,"n_alql":0,"_id":"2800704019--2018-10-17_13_18_06"},{"fecha":"2018-10-17_13_18_06","cusec":"2800704020","nmun":"Alcorcón","v_venta":"2344","n_venta":"2","v_alql":"11.76","n_alql":"1","_id":"2800704020--2018-10-17_13_18_06"},{"fecha":"2018-10-17_13_18_06","cusec":"2800704021","nmun":"Alcorcón","v_venta":"1806","n_venta":"1","v_alql":"9.33","n_alql":"1","_id":"2800704021--2018-10-17_13_18_06"},{"fecha":"2018-10-17_13_18_06","cusec":"2800704022","nmun":"Alcorcón","v_venta":"2121","n_venta":"1","v_alql":"11.28","n_alql":"2","_id":"2800704022--2018-10-17_13_18_06"},{"fecha":"2018-10-17_13_18_06","cusec":"2800704023","nmun":"Alcorcón","v_venta":"2364","n_venta":"9","v_alql":"9.47","n_alql":"1","_id":"2800704023--2018-10-17_13_18_06"},{"fecha":"2018-10-17_13_18_06","cusec":"2800704024","nmun":"Alcorcón","v_venta":"2564","n_venta":"7","v_alql":"6.44","n_alql":"1","_id":"2800704024--2018-10-17_13_18_06"},{"fecha":"2018-10-17_13_18_06","cusec":"2800704025","nmun":"Alcorcón","v_venta":"1943","n_venta":"3","v_alql":"9.88","n_alql":"1","_id":"2800704025--2018-10-17_13_18_06"},{"fecha":"2018-10-17_13_18_06","cusec":"2800704026","nmun":"Alcorcón","v_venta":"2097","n_venta":"6","v_alql":"11.11","n_alql":"1","_id":"2800704026--2018-10-17_13_18_06"},{"fecha":"2018-10-17_13_18_06","cusec":"2800704027","nmun":"Alcorcón","v_venta":"2469","n_venta":"6","v_alql":0,"n_alql":0,"_id":"2800704027--2018-10-17_13_18_06"},{"fecha":"2018-10-17_13_18_06","cusec":"2800704028","nmun":"Alcorcón","v_venta":"2142","n_venta":"5","v_alql":"10.05","n_alql":"2","_id":"2800704028--2018-10-17_13_18_06"},{"fecha":"2018-10-17_13_18_06","cusec":"2800704029","nmun":"Alcorcón","v_venta":"1867","n_venta":"2","v_alql":"5.20","n_alql":"1","_id":"2800704029--2018-10-17_13_18_06"},{"fecha":"2018-10-17_13_18_06","cusec":"2800704030","nmun":"Alcorcón","v_venta":"1896","n_venta":"8","v_alql":0,"n_alql":0,"_id":"2800704030--2018-10-17_13_18_06"},{"fecha":"2018-10-17_13_18_06","cusec":"2800704031","nmun":"Alcorcón","v_venta":"2191","n_venta":"12","v_alql":0,"n_alql":0,"_id":"2800704031--2018-10-17_13_18_06"},{"fecha":"2018-10-17_13_18_06","v_venta":0,"n_venta":0,"v_alql":0,"n_alql":0,"_id":"undefined--2018-10-17_13_18_06"}],"_id":"Alcorcón--initial_2018-10-17_12_18_18","nmun":"Alcorcón"}