{"scrapedData":[{"fecha":"2018-10-17_13_18_06","cusec":"2801301001","nmun":"Aranjuez","v_venta":"1311","n_venta":"16","v_alql":0,"n_alql":0,"_id":"2801301001--2018-10-17_13_18_06"},{"fecha":"2018-10-17_13_18_06","cusec":"2801301002","nmun":"Aranjuez","v_venta":"1685","n_venta":"8","v_alql":"6.96","n_alql":"1","_id":"2801301002--2018-10-17_13_18_06"},{"fecha":"2018-10-17_13_18_06","cusec":"2801301003","nmun":"Aranjuez","v_venta":"1719","n_venta":"23","v_alql":0,"n_alql":0,"_id":"2801301003--2018-10-17_13_18_06"},{"fecha":"2018-10-17_13_18_06","cusec":"2801301004","nmun":"Aranjuez","v_venta":0,"n_venta":0,"v_alql":0,"n_alql":0,"_id":"2801301004--2018-10-17_13_18_06"},{"fecha":"2018-10-17_13_18_06","cusec":"2801301005","nmun":"Aranjuez","v_venta":0,"n_venta":0,"v_alql":0,"n_alql":0,"_id":"2801301005--2018-10-17_13_18_06"},{"fecha":"2018-10-17_13_18_06","cusec":"2801301006","nmun":"Aranjuez","v_venta":0,"n_venta":0,"v_alql":0,"n_alql":0,"_id":"2801301006--2018-10-17_13_18_06"},{"fecha":"2018-10-17_13_18_06","cusec":"2801301007","nmun":"Aranjuez","v_venta":0,"n_venta":0,"v_alql":0,"n_alql":0,"_id":"2801301007--2018-10-17_13_18_06"},{"fecha":"2018-10-17_13_18_06","cusec":"2801301008","nmun":"Aranjuez","v_venta":0,"n_venta":0,"v_alql":0,"n_alql":0,"_id":"2801301008--2018-10-17_13_18_06"},{"fecha":"2018-10-17_13_18_06","cusec":"2801301009","nmun":"Aranjuez","v_venta":"1880","n_venta":"12","v_alql":0,"n_alql":0,"_id":"2801301009--2018-10-17_13_18_06"},{"fecha":"2018-10-17_13_18_06","cusec":"2801302001","nmun":"Aranjuez","v_venta":"1686","n_venta":"13","v_alql":"4.20","n_alql":"2","_id":"2801302001--2018-10-17_13_18_06"},{"fecha":"2018-10-17_13_18_06","cusec":"2801302002","nmun":"Aranjuez","v_venta":"1127","n_venta":"27","v_alql":0,"n_alql":0,"_id":"2801302002--2018-10-17_13_18_06"},{"fecha":"2018-10-17_13_18_06","cusec":"2801302003","nmun":"Aranjuez","v_venta":"1400","n_venta":"24","v_alql":0,"n_alql":0,"_id":"2801302003--2018-10-17_13_18_06"},{"fecha":"2018-10-17_13_18_06","cusec":"2801302004","nmun":"Aranjuez","v_venta":"1330","n_venta":"11","v_alql":0,"n_alql":0,"_id":"2801302004--2018-10-17_13_18_06"},{"fecha":"2018-10-17_13_18_06","cusec":"2801302005","nmun":"Aranjuez","v_venta":"1167","n_venta":"10","v_alql":"5.00","n_alql":"1","_id":"2801302005--2018-10-17_13_18_06"},{"fecha":"2018-10-17_13_18_06","cusec":"2801302006","nmun":"Aranjuez","v_venta":"1329","n_venta":"16","v_alql":"6.67","n_alql":"1","_id":"2801302006--2018-10-17_13_18_06"},{"fecha":"2018-10-17_13_18_06","cusec":"2801302007","nmun":"Aranjuez","v_venta":"1343","n_venta":"16","v_alql":0,"n_alql":0,"_id":"2801302007--2018-10-17_13_18_06"},{"fecha":"2018-10-17_13_18_06","cusec":"2801302008","nmun":"Aranjuez","v_venta":"1449","n_venta":"22","v_alql":"6.19","n_alql":"5","_id":"2801302008--2018-10-17_13_18_06"},{"fecha":"2018-10-17_13_18_06","cusec":"2801303001","nmun":"Aranjuez","v_venta":"1615","n_venta":"14","v_alql":"7.31","n_alql":"1","_id":"2801303001--2018-10-17_13_18_06"},{"fecha":"2018-10-17_13_18_06","cusec":"2801303002","nmun":"Aranjuez","v_venta":"1428","n_venta":"20","v_alql":"5.88","n_alql":"1","_id":"2801303002--2018-10-17_13_18_06"},{"fecha":"2018-10-17_13_18_06","cusec":"2801303003","nmun":"Aranjuez","v_venta":"1616","n_venta":"26","v_alql":"8.29","n_alql":"4","_id":"2801303003--2018-10-17_13_18_06"},{"fecha":"2018-10-17_13_18_06","cusec":"2801303004","nmun":"Aranjuez","v_venta":"1633","n_venta":"15","v_alql":"5.68","n_alql":"2","_id":"2801303004--2018-10-17_13_18_06"},{"fecha":"2018-10-17_13_18_06","cusec":"2801303005","nmun":"Aranjuez","v_venta":"1600","n_venta":"1","v_alql":0,"n_alql":0,"_id":"2801303005--2018-10-17_13_18_06"},{"fecha":"2018-10-17_13_18_06","cusec":"2801303006","nmun":"Aranjuez","v_venta":"1096","n_venta":"6","v_alql":0,"n_alql":0,"_id":"2801303006--2018-10-17_13_18_06"},{"fecha":"2018-10-17_13_18_06","cusec":"2801303007","nmun":"Aranjuez","v_venta":"1828","n_venta":"3","v_alql":0,"n_alql":0,"_id":"2801303007--2018-10-17_13_18_06"},{"fecha":"2018-10-17_13_18_06","cusec":"2801303008","nmun":"Aranjuez","v_venta":"1261","n_venta":"9","v_alql":"5.56","n_alql":"1","_id":"2801303008--2018-10-17_13_18_06"},{"fecha":"2018-10-17_13_18_06","cusec":"2801303009","nmun":"Aranjuez","v_venta":"1384","n_venta":"8","v_alql":"7.19","n_alql":"2","_id":"2801303009--2018-10-17_13_18_06"},{"fecha":"2018-10-17_13_18_06","cusec":"2801303010","nmun":"Aranjuez","v_venta":"1701","n_venta":"22","v_alql":"6.67","n_alql":"1","_id":"2801303010--2018-10-17_13_18_06"},{"fecha":"2018-10-17_13_18_06","cusec":"2801304001","nmun":"Aranjuez","v_venta":"1912","n_venta":"6","v_alql":0,"n_alql":0,"_id":"2801304001--2018-10-17_13_18_06"},{"fecha":"2018-10-17_13_18_06","cusec":"2801304002","nmun":"Aranjuez","v_venta":"1505","n_venta":"11","v_alql":"7.50","n_alql":"1","_id":"2801304002--2018-10-17_13_18_06"},{"fecha":"2018-10-17_13_18_06","cusec":"2801304003","nmun":"Aranjuez","v_venta":0,"n_venta":0,"v_alql":0,"n_alql":0,"_id":"2801304003--2018-10-17_13_18_06"},{"fecha":"2018-10-17_13_18_06","cusec":"2801304004","nmun":"Aranjuez","v_venta":"1262","n_venta":"36","v_alql":"4.80","n_alql":"3","_id":"2801304004--2018-10-17_13_18_06"},{"fecha":"2018-10-17_13_18_06","cusec":"2801304005","nmun":"Aranjuez","v_venta":"1276","n_venta":"47","v_alql":"3.14","n_alql":"4","_id":"2801304005--2018-10-17_13_18_06"},{"fecha":"2018-10-17_13_18_06","v_venta":0,"n_venta":0,"v_alql":0,"n_alql":0,"_id":"undefined--2018-10-17_13_18_06"}],"_id":"Aranjuez--initial_2018-10-17_12_18_18","nmun":"Aranjuez"}