{"scrapedData":[{"fecha":"2018-10-17_13_18_06","cusec":"2801401001","nmun":"Arganda del Rey","v_venta":"1781","n_venta":"58","v_alql":"7.22","n_alql":"3","_id":"2801401001--2018-10-17_13_18_06"},{"fecha":"2018-10-17_13_18_06","cusec":"2801401002","nmun":"Arganda del Rey","v_venta":"1571","n_venta":"8","v_alql":0,"n_alql":0,"_id":"2801401002--2018-10-17_13_18_06"},{"fecha":"2018-10-17_13_18_06","cusec":"2801401003","nmun":"Arganda del Rey","v_venta":"1559","n_venta":"20","v_alql":"6.68","n_alql":"2","_id":"2801401003--2018-10-17_13_18_06"},{"fecha":"2018-10-17_13_18_06","cusec":"2801401004","nmun":"Arganda del Rey","v_venta":"1461","n_venta":"11","v_alql":"7.81","n_alql":"2","_id":"2801401004--2018-10-17_13_18_06"},{"fecha":"2018-10-17_13_18_06","cusec":"2801401005","nmun":"Arganda del Rey","v_venta":"1539","n_venta":"12","v_alql":0,"n_alql":0,"_id":"2801401005--2018-10-17_13_18_06"},{"fecha":"2018-10-17_13_18_06","cusec":"2801401006","nmun":"Arganda del Rey","v_venta":"1076","n_venta":"1","v_alql":0,"n_alql":0,"_id":"2801401006--2018-10-17_13_18_06"},{"fecha":"2018-10-17_13_18_06","cusec":"2801401007","nmun":"Arganda del Rey","v_venta":"1268","n_venta":"13","v_alql":0,"n_alql":0,"_id":"2801401007--2018-10-17_13_18_06"},{"fecha":"2018-10-17_13_18_06","cusec":"2801401008","nmun":"Arganda del Rey","v_venta":"1375","n_venta":"15","v_alql":0,"n_alql":0,"_id":"2801401008--2018-10-17_13_18_06"},{"fecha":"2018-10-17_13_18_06","cusec":"2801401009","nmun":"Arganda del Rey","v_venta":"1457","n_venta":"16","v_alql":0,"n_alql":0,"_id":"2801401009--2018-10-17_13_18_06"},{"fecha":"2018-10-17_13_18_06","cusec":"2801401010","nmun":"Arganda del Rey","v_venta":"1566","n_venta":"27","v_alql":0,"n_alql":0,"_id":"2801401010--2018-10-17_13_18_06"},{"fecha":"2018-10-17_13_18_06","cusec":"2801401011","nmun":"Arganda del Rey","v_venta":"1313","n_venta":"10","v_alql":0,"n_alql":0,"_id":"2801401011--2018-10-17_13_18_06"},{"fecha":"2018-10-17_13_18_06","cusec":"2801401012","nmun":"Arganda del Rey","v_venta":"1666","n_venta":"26","v_alql":"7.19","n_alql":"1","_id":"2801401012--2018-10-17_13_18_06"},{"fecha":"2018-10-17_13_18_06","cusec":"2801401013","nmun":"Arganda del Rey","v_venta":"1748","n_venta":"96","v_alql":"7.89","n_alql":"13","_id":"2801401013--2018-10-17_13_18_06"},{"fecha":"2018-10-17_13_18_06","cusec":"2801401014","nmun":"Arganda del Rey","v_venta":"1634","n_venta":"22","v_alql":"5.36","n_alql":"1","_id":"2801401014--2018-10-17_13_18_06"},{"fecha":"2018-10-17_13_18_06","cusec":"2801401015","nmun":"Arganda del Rey","v_venta":"1577","n_venta":"4","v_alql":0,"n_alql":0,"_id":"2801401015--2018-10-17_13_18_06"},{"fecha":"2018-10-17_13_18_06","cusec":"2801401016","nmun":"Arganda del Rey","v_venta":"1353","n_venta":"4","v_alql":0,"n_alql":0,"_id":"2801401016--2018-10-17_13_18_06"},{"fecha":"2018-10-17_13_18_06","cusec":"2801401017","nmun":"Arganda del Rey","v_venta":"1306","n_venta":"11","v_alql":"6.67","n_alql":"1","_id":"2801401017--2018-10-17_13_18_06"},{"fecha":"2018-10-17_13_18_06","cusec":"2801401018","nmun":"Arganda del Rey","v_venta":"1421","n_venta":"14","v_alql":"8.68","n_alql":"2","_id":"2801401018--2018-10-17_13_18_06"},{"fecha":"2018-10-17_13_18_06","cusec":"2801401019","nmun":"Arganda del Rey","v_venta":"1591","n_venta":"20","v_alql":0,"n_alql":0,"_id":"2801401019--2018-10-17_13_18_06"},{"fecha":"2018-10-17_13_18_06","cusec":"2801401020","nmun":"Arganda del Rey","v_venta":"1680","n_venta":"10","v_alql":"6.19","n_alql":"1","_id":"2801401020--2018-10-17_13_18_06"},{"fecha":"2018-10-17_13_18_06","cusec":"2801401021","nmun":"Arganda del Rey","v_venta":"1688","n_venta":"14","v_alql":0,"n_alql":0,"_id":"2801401021--2018-10-17_13_18_06"},{"fecha":"2018-10-17_13_18_06","cusec":"2801401022","nmun":"Arganda del Rey","v_venta":0,"n_venta":0,"v_alql":0,"n_alql":0,"_id":"2801401022--2018-10-17_13_18_06"},{"fecha":"2018-10-17_13_18_06","cusec":"2801401023","nmun":"Arganda del Rey","v_venta":"1642","n_venta":"3","v_alql":"6.75","n_alql":"2","_id":"2801401023--2018-10-17_13_18_06"},{"fecha":"2018-10-17_13_18_06","cusec":"2801401024","nmun":"Arganda del Rey","v_venta":"1571","n_venta":"25","v_alql":"6.22","n_alql":"2","_id":"2801401024--2018-10-17_13_18_06"},{"fecha":"2018-10-17_13_18_06","cusec":"2801401025","nmun":"Arganda del Rey","v_venta":"1723","n_venta":"10","v_alql":"7.32","n_alql":"1","_id":"2801401025--2018-10-17_13_18_06"},{"fecha":"2018-10-17_13_18_06","cusec":"2801401026","nmun":"Arganda del Rey","v_venta":"1640","n_venta":"18","v_alql":"13.33","n_alql":"3","_id":"2801401026--2018-10-17_13_18_06"},{"fecha":"2018-10-17_13_18_06","v_venta":0,"n_venta":0,"v_alql":0,"n_alql":0,"_id":"undefined--2018-10-17_13_18_06"}],"_id":"Arganda del Rey--initial_2018-10-17_12_18_18","nmun":"Arganda del Rey"}