{"scrapedData":[{"fecha":"2018-10-17_13_18_06","cusec":"2801501001","nmun":"Arroyomolinos","v_venta":"1512","n_venta":"18","v_alql":"7.27","n_alql":"2","_id":"2801501001--2018-10-17_13_18_06"},{"fecha":"2018-10-17_13_18_06","cusec":"2801501002","nmun":"Arroyomolinos","v_venta":"1390","n_venta":"16","v_alql":"6.47","n_alql":"2","_id":"2801501002--2018-10-17_13_18_06"},{"fecha":"2018-10-17_13_18_06","cusec":"2801501003","nmun":"Arroyomolinos","v_venta":"1304","n_venta":"10","v_alql":"8.18","n_alql":"1","_id":"2801501003--2018-10-17_13_18_06"},{"fecha":"2018-10-17_13_18_06","cusec":"2801501004","nmun":"Arroyomolinos","v_venta":"1565","n_venta":"19","v_alql":"6.30","n_alql":"1","_id":"2801501004--2018-10-17_13_18_06"},{"fecha":"2018-10-17_13_18_06","cusec":"2801501005","nmun":"Arroyomolinos","v_venta":"1262","n_venta":"20","v_alql":0,"n_alql":0,"_id":"2801501005--2018-10-17_13_18_06"},{"fecha":"2018-10-17_13_18_06","cusec":"2801501006","nmun":"Arroyomolinos","v_venta":"1804","n_venta":"21","v_alql":"7.66","n_alql":"5","_id":"2801501006--2018-10-17_13_18_06"},{"fecha":"2018-10-17_13_18_06","cusec":"2801501007","nmun":"Arroyomolinos","v_venta":"1390","n_venta":"41","v_alql":"9.33","n_alql":"3","_id":"2801501007--2018-10-17_13_18_06"},{"fecha":"2018-10-17_13_18_06","cusec":"2801501008","nmun":"Arroyomolinos","v_venta":"1553","n_venta":"25","v_alql":"8.18","n_alql":"1","_id":"2801501008--2018-10-17_13_18_06"},{"fecha":"2018-10-17_13_18_06","cusec":"2801501009","nmun":"Arroyomolinos","v_venta":"1796","n_venta":"51","v_alql":"9.70","n_alql":"4","_id":"2801501009--2018-10-17_13_18_06"},{"fecha":"2018-10-17_13_18_06","cusec":"2801501010","nmun":"Arroyomolinos","v_venta":"1621","n_venta":"21","v_alql":"4.29","n_alql":"1","_id":"2801501010--2018-10-17_13_18_06"},{"fecha":"2018-10-17_13_18_06","cusec":"2801501011","nmun":"Arroyomolinos","v_venta":"1471","n_venta":"27","v_alql":"7.14","n_alql":"1","_id":"2801501011--2018-10-17_13_18_06"},{"fecha":"2018-10-17_13_18_06","v_venta":0,"n_venta":0,"v_alql":0,"n_alql":0,"_id":"undefined--2018-10-17_13_18_06"}],"_id":"Arroyomolinos--initial_2018-10-17_12_18_18","nmun":"Arroyomolinos"}