{"scrapedData":[{"fecha":"2018-10-17_13_18_06","cusec":"2802201001","nmun":"Boadilla del Monte","v_venta":0,"n_venta":0,"v_alql":0,"n_alql":0,"_id":"2802201001--2018-10-17_13_18_06"},{"fecha":"2018-10-17_13_18_06","cusec":"2802201002","nmun":"Boadilla del Monte","v_venta":0,"n_venta":0,"v_alql":0,"n_alql":0,"_id":"2802201002--2018-10-17_13_18_06"},{"fecha":"2018-10-17_13_18_06","cusec":"2802201003","nmun":"Boadilla del Monte","v_venta":"2230","n_venta":"89","v_alql":"6.68","n_alql":"6","_id":"2802201003--2018-10-17_13_18_06"},{"fecha":"2018-10-17_13_18_06","cusec":"2802201004","nmun":"Boadilla del Monte","v_venta":"2179","n_venta":"153","v_alql":"7.52","n_alql":"19","_id":"2802201004--2018-10-17_13_18_06"},{"fecha":"2018-10-17_13_18_06","cusec":"2802201005","nmun":"Boadilla del Monte","v_venta":"2136","n_venta":"32","v_alql":"7.83","n_alql":"16","_id":"2802201005--2018-10-17_13_18_06"},{"fecha":"2018-10-17_13_18_06","cusec":"2802201006","nmun":"Boadilla del Monte","v_venta":"2581","n_venta":"5","v_alql":"8.66","n_alql":"6","_id":"2802201006--2018-10-17_13_18_06"},{"fecha":"2018-10-17_13_18_06","cusec":"2802201007","nmun":"Boadilla del Monte","v_venta":"1916","n_venta":"61","v_alql":"10.83","n_alql":"1","_id":"2802201007--2018-10-17_13_18_06"},{"fecha":"2018-10-17_13_18_06","cusec":"2802201008","nmun":"Boadilla del Monte","v_venta":"3270","n_venta":"42","v_alql":"6.87","n_alql":"3","_id":"2802201008--2018-10-17_13_18_06"},{"fecha":"2018-10-17_13_18_06","cusec":"2802201009","nmun":"Boadilla del Monte","v_venta":"1984","n_venta":"36","v_alql":"8.30","n_alql":"8","_id":"2802201009--2018-10-17_13_18_06"},{"fecha":"2018-10-17_13_18_06","cusec":"2802201010","nmun":"Boadilla del Monte","v_venta":"1838","n_venta":"101","v_alql":"7.73","n_alql":"9","_id":"2802201010--2018-10-17_13_18_06"},{"fecha":"2018-10-17_13_18_06","cusec":"2802201011","nmun":"Boadilla del Monte","v_venta":"2950","n_venta":"3","v_alql":"8.41","n_alql":"2","_id":"2802201011--2018-10-17_13_18_06"},{"fecha":"2018-10-17_13_18_06","cusec":"2802201012","nmun":"Boadilla del Monte","v_venta":"2404","n_venta":"6","v_alql":"9.17","n_alql":"8","_id":"2802201012--2018-10-17_13_18_06"},{"fecha":"2018-10-17_13_18_06","cusec":"2802201013","nmun":"Boadilla del Monte","v_venta":"2911","n_venta":"13","v_alql":"10.09","n_alql":"16","_id":"2802201013--2018-10-17_13_18_06"},{"fecha":"2018-10-17_13_18_06","cusec":"2802201014","nmun":"Boadilla del Monte","v_venta":"2572","n_venta":"7","v_alql":"10.81","n_alql":"4","_id":"2802201014--2018-10-17_13_18_06"},{"fecha":"2018-10-17_13_18_06","cusec":"2802201015","nmun":"Boadilla del Monte","v_venta":"2289","n_venta":"8","v_alql":"10.32","n_alql":"12","_id":"2802201015--2018-10-17_13_18_06"},{"fecha":"2018-10-17_13_18_06","cusec":"2802201016","nmun":"Boadilla del Monte","v_venta":"2845","n_venta":"5","v_alql":"9.16","n_alql":"3","_id":"2802201016--2018-10-17_13_18_06"},{"fecha":"2018-10-17_13_18_06","cusec":"2802201017","nmun":"Boadilla del Monte","v_venta":"2648","n_venta":"19","v_alql":"8.71","n_alql":"1","_id":"2802201017--2018-10-17_13_18_06"},{"fecha":"2018-10-17_13_18_06","cusec":"2802201018","nmun":"Boadilla del Monte","v_venta":"2637","n_venta":"15","v_alql":"11.02","n_alql":"3","_id":"2802201018--2018-10-17_13_18_06"},{"fecha":"2018-10-17_13_18_06","cusec":"2802201019","nmun":"Boadilla del Monte","v_venta":"3121","n_venta":"42","v_alql":"9.42","n_alql":"12","_id":"2802201019--2018-10-17_13_18_06"},{"fecha":"2018-10-17_13_18_06","cusec":"2802201020","nmun":"Boadilla del Monte","v_venta":"2835","n_venta":"32","v_alql":"8.37","n_alql":"9","_id":"2802201020--2018-10-17_13_18_06"},{"fecha":"2018-10-17_13_18_06","cusec":"2802201021","nmun":"Boadilla del Monte","v_venta":"3435","n_venta":"2","v_alql":"9.07","n_alql":"3","_id":"2802201021--2018-10-17_13_18_06"},{"fecha":"2018-10-17_13_18_06","cusec":"2802201022","nmun":"Boadilla del Monte","v_venta":"2548","n_venta":"26","v_alql":"8.06","n_alql":"7","_id":"2802201022--2018-10-17_13_18_06"},{"fecha":"2018-10-17_13_18_06","cusec":"2802201023","nmun":"Boadilla del Monte","v_venta":"2594","n_venta":"48","v_alql":"10.93","n_alql":"12","_id":"2802201023--2018-10-17_13_18_06"},{"fecha":"2018-10-17_13_18_06","cusec":"2802201024","nmun":"Boadilla del Monte","v_venta":"2376","n_venta":"15","v_alql":"8.60","n_alql":"7","_id":"2802201024--2018-10-17_13_18_06"},{"fecha":"2018-10-17_13_18_06","cusec":"2802201025","nmun":"Boadilla del Monte","v_venta":"2186","n_venta":"46","v_alql":"8.32","n_alql":"5","_id":"2802201025--2018-10-17_13_18_06"},{"fecha":"2018-10-17_13_18_06","v_venta":0,"n_venta":0,"v_alql":0,"n_alql":0,"_id":"undefined--2018-10-17_13_18_06"}],"_id":"Boadilla del Monte--initial_2018-10-17_12_18_18","nmun":"Boadilla del Monte"}