{"scrapedData":[{"fecha":"2018-10-17_13_18_06","cusec":"2804001001","nmun":"Ciempozuelos","v_venta":"1544","n_venta":"11","v_alql":"8.00","n_alql":"1","_id":"2804001001--2018-10-17_13_18_06"},{"fecha":"2018-10-17_13_18_06","cusec":"2804001002","nmun":"Ciempozuelos","v_venta":"1322","n_venta":"19","v_alql":"7.08","n_alql":"1","_id":"2804001002--2018-10-17_13_18_06"},{"fecha":"2018-10-17_13_18_06","cusec":"2804001003","nmun":"Ciempozuelos","v_venta":"1383","n_venta":"15","v_alql":"9.35","n_alql":"1","_id":"2804001003--2018-10-17_13_18_06"},{"fecha":"2018-10-17_13_18_06","cusec":"2804002001","nmun":"Ciempozuelos","v_venta":"1178","n_venta":"27","v_alql":0,"n_alql":0,"_id":"2804002001--2018-10-17_13_18_06"},{"fecha":"2018-10-17_13_18_06","cusec":"2804002002","nmun":"Ciempozuelos","v_venta":"1243","n_venta":"14","v_alql":"7.97","n_alql":"1","_id":"2804002002--2018-10-17_13_18_06"},{"fecha":"2018-10-17_13_18_06","cusec":"2804002003","nmun":"Ciempozuelos","v_venta":"1396","n_venta":"32","v_alql":"7.06","n_alql":"1","_id":"2804002003--2018-10-17_13_18_06"},{"fecha":"2018-10-17_13_18_06","cusec":"2804002004","nmun":"Ciempozuelos","v_venta":"1195","n_venta":"32","v_alql":"8.44","n_alql":"1","_id":"2804002004--2018-10-17_13_18_06"},{"fecha":"2018-10-17_14_47_59","cusec":"2804002005","nmun":"Ciempozuelos","v_venta":"1343","n_venta":"34","v_alql":"7.41","n_alql":"3","_id":"2804002005--2018-10-17_14_47_59"},{"fecha":"2018-10-17_14_47_59","cusec":"2804002006","nmun":"Ciempozuelos","v_venta":"1246","n_venta":"27","v_alql":"9.45","n_alql":"2","_id":"2804002006--2018-10-17_14_47_59"},{"fecha":"2018-10-17_14_47_59","cusec":"2804003001","nmun":"Ciempozuelos","v_venta":"1499","n_venta":"37","v_alql":"7.78","n_alql":"2","_id":"2804003001--2018-10-17_14_47_59"},{"fecha":"2018-10-17_14_47_59","cusec":"2804003002","nmun":"Ciempozuelos","v_venta":0,"n_venta":0,"v_alql":0,"n_alql":0,"_id":"2804003002--2018-10-17_14_47_59"},{"fecha":"2018-10-17_14_47_59","v_venta":0,"n_venta":0,"v_alql":0,"n_alql":0,"_id":"undefined--2018-10-17_14_47_59"}],"_id":"Ciempozuelos--initial_2018-10-17_12_18_18","nmun":"Ciempozuelos"}