{"_id":"initial_2018-10-17_12_18_18","scrapedData":[{"fecha":"2018-10-17_14_47_59","cusec":"2804701001","nmun":"Collado Villalba","v_venta":"1710","n_venta":"10","v_alql":"10.00","n_alql":"1","_id":"2804701001--2018-10-17_14_47_59"},{"fecha":"2018-10-17_14_47_59","cusec":"2804701002","nmun":"Collado Villalba","v_venta":"1699","n_venta":"10","v_alql":"10.60","n_alql":"2","_id":"2804701002--2018-10-17_14_47_59"},{"fecha":"2018-10-17_14_47_59","cusec":"2804701003","nmun":"Collado Villalba","v_venta":"1955","n_venta":"31","v_alql":0,"n_alql":0,"_id":"2804701003--2018-10-17_14_47_59"},{"fecha":"2018-10-17_14_47_59","cusec":"2804701004","nmun":"Collado Villalba","v_venta":"1821","n_venta":"47","v_alql":"9.60","n_alql":"6","_id":"2804701004--2018-10-17_14_47_59"},{"fecha":"2018-10-17_14_47_59","cusec":"2804701005","nmun":"Collado Villalba","v_venta":"1627","n_venta":"26","v_alql":"9.30","n_alql":"3","_id":"2804701005--2018-10-17_14_47_59"},{"fecha":"2018-10-17_14_47_59","cusec":"2804701006","nmun":"Collado Villalba","v_venta":"1748","n_venta":"15","v_alql":0,"n_alql":0,"_id":"2804701006--2018-10-17_14_47_59"},{"fecha":"2018-10-17_14_47_59","cusec":"2804701007","nmun":"Collado Villalba","v_venta":"1597","n_venta":"20","v_alql":"8.96","n_alql":"3","_id":"2804701007--2018-10-17_14_47_59"},{"fecha":"2018-10-17_14_47_59","cusec":"2804701008","nmun":"Collado Villalba","v_venta":"1650","n_venta":"13","v_alql":"15.00","n_alql":"1","_id":"2804701008--2018-10-17_14_47_59"},{"fecha":"2018-10-17_14_47_59","cusec":"2804701009","nmun":"Collado Villalba","v_venta":"1401","n_venta":"28","v_alql":"7.33","n_alql":"1","_id":"2804701009--2018-10-17_14_47_59"},{"fecha":"2018-10-17_14_47_59","cusec":"2804701010","nmun":"Collado Villalba","v_venta":"1985","n_venta":"26","v_alql":0,"n_alql":0,"_id":"2804701010--2018-10-17_14_47_59"},{"fecha":"2018-10-17_14_47_59","cusec":"2804701011","nmun":"Collado Villalba","v_venta":"1743","n_venta":"17","v_alql":0,"n_alql":0,"_id":"2804701011--2018-10-17_14_47_59"},{"fecha":"2018-10-17_14_47_59","cusec":"2804701012","nmun":"Collado Villalba","v_venta":"1415","n_venta":"12","v_alql":0,"n_alql":0,"_id":"2804701012--2018-10-17_14_47_59"},{"fecha":"2018-10-17_14_47_59","cusec":"2804701013","nmun":"Collado Villalba","v_venta":"1893","n_venta":"40","v_alql":"9.52","n_alql":"2","_id":"2804701013--2018-10-17_14_47_59"},{"fecha":"2018-10-17_14_47_59","cusec":"2804701014","nmun":"Collado Villalba","v_venta":"1505","n_venta":"19","v_alql":"10.54","n_alql":"3","_id":"2804701014--2018-10-17_14_47_59"},{"fecha":"2018-10-17_14_47_59","cusec":"2804701015","nmun":"Collado Villalba","v_venta":"1381","n_venta":"10","v_alql":"8.69","n_alql":"1","_id":"2804701015--2018-10-17_14_47_59"},{"fecha":"2018-10-17_14_47_59","cusec":"2804701016","nmun":"Collado Villalba","v_venta":"1601","n_venta":"30","v_alql":"8.26","n_alql":"2","_id":"2804701016--2018-10-17_14_47_59"},{"fecha":"2018-10-17_14_47_59","cusec":"2804701017","nmun":"Collado Villalba","v_venta":"1380","n_venta":"64","v_alql":"4.94","n_alql":"5","_id":"2804701017--2018-10-17_14_47_59"},{"fecha":"2018-10-17_14_47_59","cusec":"2804701018","nmun":"Collado Villalba","v_venta":"1598","n_venta":"47","v_alql":"5.93","n_alql":"8","_id":"2804701018--2018-10-17_14_47_59"},{"fecha":"2018-10-17_14_47_59","cusec":"2804701019","nmun":"Collado Villalba","v_venta":"1909","n_venta":"30","v_alql":"9.22","n_alql":"3","_id":"2804701019--2018-10-17_14_47_59"},{"fecha":"2018-10-17_14_47_59","cusec":"2804701020","nmun":"Collado Villalba","v_venta":"1544","n_venta":"24","v_alql":"6.96","n_alql":"4","_id":"2804701020--2018-10-17_14_47_59"},{"fecha":"2018-10-17_14_47_59","cusec":"2804701021","nmun":"Collado Villalba","v_venta":"1805","n_venta":"28","v_alql":"18.60","n_alql":"1","_id":"2804701021--2018-10-17_14_47_59"},{"fecha":"2018-10-17_14_47_59","cusec":"2804701022","nmun":"Collado Villalba","v_venta":"1595","n_venta":"13","v_alql":"10.00","n_alql":"1","_id":"2804701022--2018-10-17_14_47_59"},{"fecha":"2018-10-17_14_47_59","cusec":"2804701023","nmun":"Collado Villalba","v_venta":"1649","n_venta":"12","v_alql":"8.13","n_alql":"4","_id":"2804701023--2018-10-17_14_47_59"},{"fecha":"2018-10-17_14_47_59","cusec":"2804701024","nmun":"Collado Villalba","v_venta":"1484","n_venta":"15","v_alql":"8.18","n_alql":"1","_id":"2804701024--2018-10-17_14_47_59"},{"fecha":"2018-10-17_14_47_59","cusec":"2804701025","nmun":"Collado Villalba","v_venta":0,"n_venta":0,"v_alql":0,"n_alql":0,"_id":"2804701025--2018-10-17_14_47_59"},{"fecha":"2018-10-17_14_47_59","cusec":"2804701026","nmun":"Collado Villalba","v_venta":"1481","n_venta":"54","v_alql":"7.35","n_alql":"2","_id":"2804701026--2018-10-17_14_47_59"},{"fecha":"2018-10-17_14_47_59","cusec":"2804701027","nmun":"Collado Villalba","v_venta":"1677","n_venta":"28","v_alql":0,"n_alql":0,"_id":"2804701027--2018-10-17_14_47_59"},{"fecha":"2018-10-17_14_47_59","cusec":"2804701028","nmun":"Collado Villalba","v_venta":"1870","n_venta":"40","v_alql":"8.74","n_alql":"3","_id":"2804701028--2018-10-17_14_47_59"},{"fecha":"2018-10-17_14_47_59","cusec":"2804701029","nmun":"Collado Villalba","v_venta":"1638","n_venta":"20","v_alql":"15.13","n_alql":"2","_id":"2804701029--2018-10-17_14_47_59"},{"fecha":"2018-10-17_14_47_59","cusec":"2804701030","nmun":"Collado Villalba","v_venta":"1805","n_venta":"20","v_alql":"7.78","n_alql":"1","_id":"2804701030--2018-10-17_14_47_59"},{"fecha":"2018-10-17_14_47_59","v_venta":0,"n_venta":0,"v_alql":0,"n_alql":0,"_id":"undefined--2018-10-17_14_47_59"}],"nmun":"Collado Villalba"}