{"_id":"initial_2018-10-17_12_18_18","scrapedData":[{"fecha":"2018-10-17_14_47_59","cusec":"2804501001","nmun":"Colmenar Viejo","v_venta":"1730","n_venta":"12","v_alql":"6.33","n_alql":"7","_id":"2804501001--2018-10-17_14_47_59"},{"fecha":"2018-10-17_14_47_59","cusec":"2804501002","nmun":"Colmenar Viejo","v_venta":"1676","n_venta":"13","v_alql":0,"n_alql":0,"_id":"2804501002--2018-10-17_14_47_59"},{"fecha":"2018-10-17_14_47_59","cusec":"2804501003","nmun":"Colmenar Viejo","v_venta":"1675","n_venta":"16","v_alql":"5.50","n_alql":"1","_id":"2804501003--2018-10-17_14_47_59"},{"fecha":"2018-10-17_14_47_59","cusec":"2804501004","nmun":"Colmenar Viejo","v_venta":"1716","n_venta":"16","v_alql":0,"n_alql":0,"_id":"2804501004--2018-10-17_14_47_59"},{"fecha":"2018-10-17_14_47_59","cusec":"2804501005","nmun":"Colmenar Viejo","v_venta":0,"n_venta":0,"v_alql":0,"n_alql":0,"_id":"2804501005--2018-10-17_14_47_59"},{"fecha":"2018-10-17_14_47_59","cusec":"2804501006","nmun":"Colmenar Viejo","v_venta":"1694","n_venta":"14","v_alql":0,"n_alql":0,"_id":"2804501006--2018-10-17_14_47_59"},{"fecha":"2018-10-17_14_47_59","cusec":"2804501007","nmun":"Colmenar Viejo","v_venta":"1486","n_venta":"8","v_alql":"12.37","n_alql":"2","_id":"2804501007--2018-10-17_14_47_59"},{"fecha":"2018-10-17_14_47_59","cusec":"2804501008","nmun":"Colmenar Viejo","v_venta":"1522","n_venta":"13","v_alql":"14.00","n_alql":"1","_id":"2804501008--2018-10-17_14_47_59"},{"fecha":"2018-10-17_14_47_59","cusec":"2804501009","nmun":"Colmenar Viejo","v_venta":"1808","n_venta":"7","v_alql":0,"n_alql":0,"_id":"2804501009--2018-10-17_14_47_59"},{"fecha":"2018-10-17_14_47_59","cusec":"2804501010","nmun":"Colmenar Viejo","v_venta":"1548","n_venta":"5","v_alql":"10.25","n_alql":"1","_id":"2804501010--2018-10-17_14_47_59"},{"fecha":"2018-10-17_14_47_59","cusec":"2804501011","nmun":"Colmenar Viejo","v_venta":"1917","n_venta":"9","v_alql":0,"n_alql":0,"_id":"2804501011--2018-10-17_14_47_59"},{"fecha":"2018-10-17_14_47_59","cusec":"2804501012","nmun":"Colmenar Viejo","v_venta":"2470","n_venta":"6","v_alql":"7.45","n_alql":"1","_id":"2804501012--2018-10-17_14_47_59"},{"fecha":"2018-10-17_14_47_59","cusec":"2804501013","nmun":"Colmenar Viejo","v_venta":"2036","n_venta":"9","v_alql":0,"n_alql":0,"_id":"2804501013--2018-10-17_14_47_59"},{"fecha":"2018-10-17_14_47_59","cusec":"2804501014","nmun":"Colmenar Viejo","v_venta":"1886","n_venta":"5","v_alql":"5.67","n_alql":"1","_id":"2804501014--2018-10-17_14_47_59"},{"fecha":"2018-10-17_14_47_59","cusec":"2804501015","nmun":"Colmenar Viejo","v_venta":"1769","n_venta":"13","v_alql":"9.29","n_alql":"2","_id":"2804501015--2018-10-17_14_47_59"},{"fecha":"2018-10-17_14_47_59","cusec":"2804501016","nmun":"Colmenar Viejo","v_venta":0,"n_venta":0,"v_alql":0,"n_alql":0,"_id":"2804501016--2018-10-17_14_47_59"},{"fecha":"2018-10-17_14_47_59","cusec":"2804501017","nmun":"Colmenar Viejo","v_venta":"1769","n_venta":"21","v_alql":"4.12","n_alql":"1","_id":"2804501017--2018-10-17_14_47_59"},{"fecha":"2018-10-17_14_47_59","cusec":"2804501018","nmun":"Colmenar Viejo","v_venta":"1781","n_venta":"5","v_alql":0,"n_alql":0,"_id":"2804501018--2018-10-17_14_47_59"},{"fecha":"2018-10-17_14_47_59","cusec":"2804501019","nmun":"Colmenar Viejo","v_venta":"2005","n_venta":"2","v_alql":"9.64","n_alql":"1","_id":"2804501019--2018-10-17_14_47_59"},{"fecha":"2018-10-17_14_47_59","cusec":"2804501020","nmun":"Colmenar Viejo","v_venta":"1868","n_venta":"6","v_alql":0,"n_alql":0,"_id":"2804501020--2018-10-17_14_47_59"},{"fecha":"2018-10-17_14_47_59","cusec":"2804501021","nmun":"Colmenar Viejo","v_venta":"1734","n_venta":"22","v_alql":0,"n_alql":0,"_id":"2804501021--2018-10-17_14_47_59"},{"fecha":"2018-10-17_14_47_59","cusec":"2804501022","nmun":"Colmenar Viejo","v_venta":"1727","n_venta":"7","v_alql":"5.96","n_alql":"3","_id":"2804501022--2018-10-17_14_47_59"},{"fecha":"2018-10-17_14_47_59","cusec":"2804501023","nmun":"Colmenar Viejo","v_venta":"1733","n_venta":"52","v_alql":"9.17","n_alql":"4","_id":"2804501023--2018-10-17_14_47_59"},{"fecha":"2018-10-17_14_47_59","v_venta":0,"n_venta":0,"v_alql":0,"n_alql":0,"_id":"undefined--2018-10-17_14_47_59"}],"nmun":"Colmenar Viejo"}