{"_id":"initial_2018-10-17_12_18_18","scrapedData":[{"fecha":"2018-10-17_14_47_59","cusec":"2804901001","nmun":"Coslada","v_venta":"2381","n_venta":"1","v_alql":0,"n_alql":0,"_id":"2804901001--2018-10-17_14_47_59"},{"fecha":"2018-10-17_14_47_59","cusec":"2804901002","nmun":"Coslada","v_venta":"2400","n_venta":"1","v_alql":0,"n_alql":0,"_id":"2804901002--2018-10-17_14_47_59"},{"fecha":"2018-10-17_14_47_59","cusec":"2804901003","nmun":"Coslada","v_venta":"2219","n_venta":"2","v_alql":0,"n_alql":0,"_id":"2804901003--2018-10-17_14_47_59"},{"fecha":"2018-10-17_14_47_59","cusec":"2804901004","nmun":"Coslada","v_venta":"1842","n_venta":"6","v_alql":"11.25","n_alql":"1","_id":"2804901004--2018-10-17_14_47_59"},{"fecha":"2018-10-17_14_47_59","cusec":"2804901005","nmun":"Coslada","v_venta":"1765","n_venta":"3","v_alql":0,"n_alql":0,"_id":"2804901005--2018-10-17_14_47_59"},{"fecha":"2018-10-17_14_47_59","cusec":"2804901006","nmun":"Coslada","v_venta":"2016","n_venta":"1","v_alql":0,"n_alql":0,"_id":"2804901006--2018-10-17_14_47_59"},{"fecha":"2018-10-17_14_47_59","cusec":"2804901007","nmun":"Coslada","v_venta":"2311","n_venta":"4","v_alql":0,"n_alql":0,"_id":"2804901007--2018-10-17_14_47_59"},{"fecha":"2018-10-17_14_47_59","cusec":"2804901008","nmun":"Coslada","v_venta":"1634","n_venta":"5","v_alql":0,"n_alql":0,"_id":"2804901008--2018-10-17_14_47_59"},{"fecha":"2018-10-17_14_47_59","cusec":"2804901009","nmun":"Coslada","v_venta":"2016","n_venta":"1","v_alql":0,"n_alql":0,"_id":"2804901009--2018-10-17_14_47_59"},{"fecha":"2018-10-17_14_47_59","cusec":"2804901010","nmun":"Coslada","v_venta":"1969","n_venta":"2","v_alql":0,"n_alql":0,"_id":"2804901010--2018-10-17_14_47_59"},{"fecha":"2018-10-17_14_47_59","cusec":"2804901011","nmun":"Coslada","v_venta":"2014","n_venta":"1","v_alql":0,"n_alql":0,"_id":"2804901011--2018-10-17_14_47_59"},{"fecha":"2018-10-17_14_47_59","cusec":"2804901013","nmun":"Coslada","v_venta":"1811","n_venta":"4","v_alql":0,"n_alql":0,"_id":"2804901013--2018-10-17_14_47_59"},{"fecha":"2018-10-17_14_47_59","cusec":"2804901014","nmun":"Coslada","v_venta":"1783","n_venta":"1","v_alql":0,"n_alql":0,"_id":"2804901014--2018-10-17_14_47_59"},{"fecha":"2018-10-17_14_47_59","cusec":"2804901015","nmun":"Coslada","v_venta":"1950","n_venta":"1","v_alql":0,"n_alql":0,"_id":"2804901015--2018-10-17_14_47_59"},{"fecha":"2018-10-17_14_47_59","cusec":"2804901016","nmun":"Coslada","v_venta":"1946","n_venta":"5","v_alql":"11.25","n_alql":"1","_id":"2804901016--2018-10-17_14_47_59"},{"fecha":"2018-10-17_14_47_59","cusec":"2804901017","nmun":"Coslada","v_venta":"2345","n_venta":"4","v_alql":0,"n_alql":0,"_id":"2804901017--2018-10-17_14_47_59"},{"fecha":"2018-10-17_14_47_59","cusec":"2804901018","nmun":"Coslada","v_venta":"2809","n_venta":"7","v_alql":0,"n_alql":0,"_id":"2804901018--2018-10-17_14_47_59"},{"fecha":"2018-10-17_14_47_59","cusec":"2804901019","nmun":"Coslada","v_venta":"2518","n_venta":"4","v_alql":"10.56","n_alql":"1","_id":"2804901019--2018-10-17_14_47_59"},{"fecha":"2018-10-17_14_47_59","cusec":"2804901020","nmun":"Coslada","v_venta":"2365","n_venta":"8","v_alql":0,"n_alql":0,"_id":"2804901020--2018-10-17_14_47_59"},{"fecha":"2018-10-17_14_47_59","cusec":"2804901021","nmun":"Coslada","v_venta":"2656","n_venta":"5","v_alql":0,"n_alql":0,"_id":"2804901021--2018-10-17_14_47_59"},{"fecha":"2018-10-17_14_47_59","cusec":"2804901022","nmun":"Coslada","v_venta":"2603","n_venta":"8","v_alql":0,"n_alql":0,"_id":"2804901022--2018-10-17_14_47_59"},{"fecha":"2018-10-17_14_47_59","cusec":"2804901023","nmun":"Coslada","v_venta":0,"n_venta":0,"v_alql":0,"n_alql":0,"_id":"2804901023--2018-10-17_14_47_59"},{"fecha":"2018-10-17_14_47_59","cusec":"2804901024","nmun":"Coslada","v_venta":"2673","n_venta":"1","v_alql":"8.67","n_alql":"1","_id":"2804901024--2018-10-17_14_47_59"},{"fecha":"2018-10-17_14_47_59","cusec":"2804902001","nmun":"Coslada","v_venta":"2390","n_venta":"3","v_alql":0,"n_alql":0,"_id":"2804902001--2018-10-17_14_47_59"},{"fecha":"2018-10-17_14_47_59","cusec":"2804902002","nmun":"Coslada","v_venta":"1713","n_venta":"5","v_alql":0,"n_alql":0,"_id":"2804902002--2018-10-17_14_47_59"},{"fecha":"2018-10-17_14_47_59","cusec":"2804902003","nmun":"Coslada","v_venta":"2057","n_venta":"3","v_alql":0,"n_alql":0,"_id":"2804902003--2018-10-17_14_47_59"},{"fecha":"2018-10-17_14_47_59","cusec":"2804902004","nmun":"Coslada","v_venta":"1995","n_venta":"5","v_alql":0,"n_alql":0,"_id":"2804902004--2018-10-17_14_47_59"},{"fecha":"2018-10-17_14_47_59","cusec":"2804902005","nmun":"Coslada","v_venta":"2312","n_venta":"5","v_alql":0,"n_alql":0,"_id":"2804902005--2018-10-17_14_47_59"},{"fecha":"2018-10-17_14_47_59","cusec":"2804902006","nmun":"Coslada","v_venta":"1966","n_venta":"3","v_alql":0,"n_alql":0,"_id":"2804902006--2018-10-17_14_47_59"},{"fecha":"2018-10-17_14_47_59","cusec":"2804902007","nmun":"Coslada","v_venta":"1846","n_venta":"7","v_alql":0,"n_alql":0,"_id":"2804902007--2018-10-17_14_47_59"},{"fecha":"2018-10-17_14_47_59","cusec":"2804902008","nmun":"Coslada","v_venta":"1815","n_venta":"5","v_alql":0,"n_alql":0,"_id":"2804902008--2018-10-17_14_47_59"},{"fecha":"2018-10-17_14_47_59","cusec":"2804902009","nmun":"Coslada","v_venta":"1671","n_venta":"3","v_alql":0,"n_alql":0,"_id":"2804902009--2018-10-17_14_47_59"},{"fecha":"2018-10-17_14_47_59","cusec":"2804902010","nmun":"Coslada","v_venta":"1804","n_venta":"2","v_alql":"7.22","n_alql":"1","_id":"2804902010--2018-10-17_14_47_59"},{"fecha":"2018-10-17_14_47_59","cusec":"2804902011","nmun":"Coslada","v_venta":"1794","n_venta":"5","v_alql":0,"n_alql":0,"_id":"2804902011--2018-10-17_14_47_59"},{"fecha":"2018-10-17_14_47_59","cusec":"2804902012","nmun":"Coslada","v_venta":"1598","n_venta":"4","v_alql":"8.59","n_alql":"1","_id":"2804902012--2018-10-17_14_47_59"},{"fecha":"2018-10-17_14_47_59","cusec":"2804902013","nmun":"Coslada","v_venta":"1606","n_venta":"3","v_alql":0,"n_alql":0,"_id":"2804902013--2018-10-17_14_47_59"},{"fecha":"2018-10-17_14_47_59","cusec":"2804902014","nmun":"Coslada","v_venta":"1660","n_venta":"4","v_alql":0,"n_alql":0,"_id":"2804902014--2018-10-17_14_47_59"},{"fecha":"2018-10-17_14_47_59","cusec":"2804902015","nmun":"Coslada","v_venta":"1668","n_venta":"2","v_alql":0,"n_alql":0,"_id":"2804902015--2018-10-17_14_47_59"},{"fecha":"2018-10-17_14_47_59","cusec":"2804902016","nmun":"Coslada","v_venta":"2030","n_venta":"24","v_alql":"15.91","n_alql":"1","_id":"2804902016--2018-10-17_14_47_59"},{"fecha":"2018-10-17_14_47_59","cusec":"2804902017","nmun":"Coslada","v_venta":"2588","n_venta":"2","v_alql":0,"n_alql":0,"_id":"2804902017--2018-10-17_14_47_59"},{"fecha":"2018-10-17_14_47_59","cusec":"2804902018","nmun":"Coslada","v_venta":"1775","n_venta":"13","v_alql":"5.56","n_alql":"2","_id":"2804902018--2018-10-17_14_47_59"},{"fecha":"2018-10-17_14_47_59","cusec":"2804902019","nmun":"Coslada","v_venta":"1859","n_venta":"12","v_alql":"6.04","n_alql":"1","_id":"2804902019--2018-10-17_14_47_59"},{"fecha":"2018-10-17_14_47_59","cusec":"2804902020","nmun":"Coslada","v_venta":"2041","n_venta":"14","v_alql":"5.77","n_alql":"1","_id":"2804902020--2018-10-17_14_47_59"},{"fecha":"2018-10-17_14_47_59","cusec":"2804902021","nmun":"Coslada","v_venta":"2061","n_venta":"5","v_alql":0,"n_alql":0,"_id":"2804902021--2018-10-17_14_47_59"},{"fecha":"2018-10-17_14_47_59","cusec":"2804903001","nmun":"Coslada","v_venta":"1982","n_venta":"3","v_alql":0,"n_alql":0,"_id":"2804903001--2018-10-17_14_47_59"},{"fecha":"2018-10-17_14_47_59","cusec":"2804903002","nmun":"Coslada","v_venta":"2271","n_venta":"3","v_alql":0,"n_alql":0,"_id":"2804903002--2018-10-17_14_47_59"},{"fecha":"2018-10-17_14_47_59","cusec":"2804903003","nmun":"Coslada","v_venta":"2046","n_venta":"10","v_alql":0,"n_alql":0,"_id":"2804903003--2018-10-17_14_47_59"},{"fecha":"2018-10-17_14_47_59","cusec":"2804903004","nmun":"Coslada","v_venta":"2059","n_venta":"5","v_alql":"7.62","n_alql":"1","_id":"2804903004--2018-10-17_14_47_59"},{"fecha":"2018-10-17_14_47_59","cusec":"2804903005","nmun":"Coslada","v_venta":"2061","n_venta":"8","v_alql":0,"n_alql":0,"_id":"2804903005--2018-10-17_14_47_59"},{"fecha":"2018-10-17_14_47_59","cusec":"2804903006","nmun":"Coslada","v_venta":"2221","n_venta":"4","v_alql":"9.51","n_alql":"2","_id":"2804903006--2018-10-17_14_47_59"},{"fecha":"2018-10-17_14_47_59","cusec":"2804903007","nmun":"Coslada","v_venta":"1916","n_venta":"9","v_alql":"9.25","n_alql":"2","_id":"2804903007--2018-10-17_14_47_59"},{"fecha":"2018-10-17_14_47_59","cusec":"2804903008","nmun":"Coslada","v_venta":"2283","n_venta":"10","v_alql":"14.00","n_alql":"1","_id":"2804903008--2018-10-17_14_47_59"},{"fecha":"2018-10-17_14_47_59","cusec":"2804903009","nmun":"Coslada","v_venta":"1856","n_venta":"16","v_alql":"9.33","n_alql":"3","_id":"2804903009--2018-10-17_14_47_59"},{"fecha":"2018-10-17_14_47_59","cusec":"2804904002","nmun":"Coslada","v_venta":"2090","n_venta":"33","v_alql":"10.40","n_alql":"2","_id":"2804904002--2018-10-17_14_47_59"},{"fecha":"2018-10-17_14_47_59","cusec":"2804904003","nmun":"Coslada","v_venta":"1605","n_venta":"6","v_alql":0,"n_alql":0,"_id":"2804904003--2018-10-17_14_47_59"},{"fecha":"2018-10-17_14_47_59","v_venta":0,"n_venta":0,"v_alql":0,"n_alql":0,"_id":"undefined--2018-10-17_14_47_59"}],"nmun":"Coslada"}