{"_id":"initial_2018-10-17_12_18_18","scrapedData":[{"fecha":"2018-10-17_14_47_59","cusec":"2805801002","nmun":"Fuenlabrada","v_venta":"1537","n_venta":"7","v_alql":0,"n_alql":0,"_id":"2805801002--2018-10-17_14_47_59"},{"fecha":"2018-10-17_14_47_59","cusec":"2805801003","nmun":"Fuenlabrada","v_venta":0,"n_venta":0,"v_alql":0,"n_alql":0,"_id":"2805801003--2018-10-17_14_47_59"},{"fecha":"2018-10-17_14_47_59","cusec":"2805801004","nmun":"Fuenlabrada","v_venta":"1600","n_venta":"7","v_alql":0,"n_alql":0,"_id":"2805801004--2018-10-17_14_47_59"},{"fecha":"2018-10-17_14_47_59","cusec":"2805801005","nmun":"Fuenlabrada","v_venta":"1597","n_venta":"3","v_alql":0,"n_alql":0,"_id":"2805801005--2018-10-17_14_47_59"},{"fecha":"2018-10-17_14_47_59","cusec":"2805801006","nmun":"Fuenlabrada","v_venta":"1667","n_venta":"1","v_alql":0,"n_alql":0,"_id":"2805801006--2018-10-17_14_47_59"},{"fecha":"2018-10-17_14_47_59","cusec":"2805801007","nmun":"Fuenlabrada","v_venta":"1667","n_venta":"1","v_alql":0,"n_alql":0,"_id":"2805801007--2018-10-17_14_47_59"},{"fecha":"2018-10-17_14_47_59","cusec":"2805802001","nmun":"Fuenlabrada","v_venta":"1447","n_venta":"3","v_alql":0,"n_alql":0,"_id":"2805802001--2018-10-17_14_47_59"},{"fecha":"2018-10-17_14_47_59","cusec":"2805802002","nmun":"Fuenlabrada","v_venta":"1855","n_venta":"5","v_alql":0,"n_alql":0,"_id":"2805802002--2018-10-17_14_47_59"},{"fecha":"2018-10-17_14_47_59","cusec":"2805802003","nmun":"Fuenlabrada","v_venta":"1570","n_venta":"7","v_alql":"11.86","n_alql":"1","_id":"2805802003--2018-10-17_14_47_59"},{"fecha":"2018-10-17_14_47_59","cusec":"2805802004","nmun":"Fuenlabrada","v_venta":"1413","n_venta":"2","v_alql":0,"n_alql":0,"_id":"2805802004--2018-10-17_14_47_59"},{"fecha":"2018-10-17_14_47_59","cusec":"2805802005","nmun":"Fuenlabrada","v_venta":"1980","n_venta":"3","v_alql":0,"n_alql":0,"_id":"2805802005--2018-10-17_14_47_59"},{"fecha":"2018-10-17_14_47_59","cusec":"2805802006","nmun":"Fuenlabrada","v_venta":"1589","n_venta":"4","v_alql":0,"n_alql":0,"_id":"2805802006--2018-10-17_14_47_59"},{"fecha":"2018-10-17_14_47_59","cusec":"2805802007","nmun":"Fuenlabrada","v_venta":"1653","n_venta":"6","v_alql":0,"n_alql":0,"_id":"2805802007--2018-10-17_14_47_59"},{"fecha":"2018-10-17_14_47_59","cusec":"2805802008","nmun":"Fuenlabrada","v_venta":0,"n_venta":0,"v_alql":"9.49","n_alql":"1","_id":"2805802008--2018-10-17_14_47_59"},{"fecha":"2018-10-17_14_47_59","cusec":"2805802009","nmun":"Fuenlabrada","v_venta":"1577","n_venta":"6","v_alql":"8.15","n_alql":"2","_id":"2805802009--2018-10-17_14_47_59"},{"fecha":"2018-10-17_14_47_59","cusec":"2805802010","nmun":"Fuenlabrada","v_venta":"1682","n_venta":"3","v_alql":"8.82","n_alql":"1","_id":"2805802010--2018-10-17_14_47_59"},{"fecha":"2018-10-17_14_47_59","cusec":"2805802011","nmun":"Fuenlabrada","v_venta":"1398","n_venta":"1","v_alql":"9.62","n_alql":"1","_id":"2805802011--2018-10-17_14_47_59"},{"fecha":"2018-10-17_14_47_59","cusec":"2805802012","nmun":"Fuenlabrada","v_venta":"1746","n_venta":"10","v_alql":"8.39","n_alql":"2","_id":"2805802012--2018-10-17_14_47_59"},{"fecha":"2018-10-17_14_47_59","cusec":"2805802013","nmun":"Fuenlabrada","v_venta":"1924","n_venta":"4","v_alql":"8.43","n_alql":"3","_id":"2805802013--2018-10-17_14_47_59"},{"fecha":"2018-10-17_14_47_59","cusec":"2805802014","nmun":"Fuenlabrada","v_venta":"1592","n_venta":"2","v_alql":0,"n_alql":0,"_id":"2805802014--2018-10-17_14_47_59"},{"fecha":"2018-10-17_14_47_59","cusec":"2805802015","nmun":"Fuenlabrada","v_venta":"1646","n_venta":"4","v_alql":0,"n_alql":0,"_id":"2805802015--2018-10-17_14_47_59"},{"fecha":"2018-10-17_14_47_59","cusec":"2805802016","nmun":"Fuenlabrada","v_venta":"1572","n_venta":"2","v_alql":"8.84","n_alql":"2","_id":"2805802016--2018-10-17_14_47_59"},{"fecha":"2018-10-17_14_47_59","cusec":"2805802017","nmun":"Fuenlabrada","v_venta":"1373","n_venta":"8","v_alql":0,"n_alql":0,"_id":"2805802017--2018-10-17_14_47_59"},{"fecha":"2018-10-17_14_47_59","cusec":"2805803001","nmun":"Fuenlabrada","v_venta":"1714","n_venta":"1","v_alql":"8.33","n_alql":"1","_id":"2805803001--2018-10-17_14_47_59"},{"fecha":"2018-10-17_14_47_59","cusec":"2805803002","nmun":"Fuenlabrada","v_venta":"1887","n_venta":"4","v_alql":0,"n_alql":0,"_id":"2805803002--2018-10-17_14_47_59"},{"fecha":"2018-10-17_14_47_59","cusec":"2805803003","nmun":"Fuenlabrada","v_venta":"1643","n_venta":"6","v_alql":"10.00","n_alql":"1","_id":"2805803003--2018-10-17_14_47_59"},{"fecha":"2018-10-17_14_47_59","cusec":"2805803004","nmun":"Fuenlabrada","v_venta":"1694","n_venta":"8","v_alql":0,"n_alql":0,"_id":"2805803004--2018-10-17_14_47_59"},{"fecha":"2018-10-17_14_47_59","cusec":"2805803005","nmun":"Fuenlabrada","v_venta":"1868","n_venta":"3","v_alql":"8.33","n_alql":"1","_id":"2805803005--2018-10-17_14_47_59"},{"fecha":"2018-10-17_14_47_59","cusec":"2805803006","nmun":"Fuenlabrada","v_venta":"1576","n_venta":"4","v_alql":"8.33","n_alql":"1","_id":"2805803006--2018-10-17_14_47_59"},{"fecha":"2018-10-17_14_47_59","cusec":"2805803007","nmun":"Fuenlabrada","v_venta":"1503","n_venta":"7","v_alql":0,"n_alql":0,"_id":"2805803007--2018-10-17_14_47_59"},{"fecha":"2018-10-17_14_47_59","cusec":"2805803008","nmun":"Fuenlabrada","v_venta":"1834","n_venta":"11","v_alql":0,"n_alql":0,"_id":"2805803008--2018-10-17_14_47_59"},{"fecha":"2018-10-17_14_47_59","cusec":"2805803009","nmun":"Fuenlabrada","v_venta":"1654","n_venta":"6","v_alql":0,"n_alql":0,"_id":"2805803009--2018-10-17_14_47_59"},{"fecha":"2018-10-17_14_47_59","cusec":"2805803010","nmun":"Fuenlabrada","v_venta":"2156","n_venta":"2","v_alql":"10.00","n_alql":"1","_id":"2805803010--2018-10-17_14_47_59"},{"fecha":"2018-10-17_14_47_59","cusec":"2805804001","nmun":"Fuenlabrada","v_venta":"1658","n_venta":"17","v_alql":"8.00","n_alql":"1","_id":"2805804001--2018-10-17_14_47_59"},{"fecha":"2018-10-17_14_47_59","cusec":"2805804002","nmun":"Fuenlabrada","v_venta":"1338","n_venta":"3","v_alql":0,"n_alql":0,"_id":"2805804002--2018-10-17_14_47_59"},{"fecha":"2018-10-17_14_47_59","cusec":"2805804003","nmun":"Fuenlabrada","v_venta":"1756","n_venta":"11","v_alql":0,"n_alql":0,"_id":"2805804003--2018-10-17_14_47_59"},{"fecha":"2018-10-17_14_47_59","cusec":"2805804004","nmun":"Fuenlabrada","v_venta":"1417","n_venta":"15","v_alql":"7.14","n_alql":"1","_id":"2805804004--2018-10-17_14_47_59"},{"fecha":"2018-10-17_14_47_59","cusec":"2805804005","nmun":"Fuenlabrada","v_venta":"1657","n_venta":"10","v_alql":"8.69","n_alql":"3","_id":"2805804005--2018-10-17_14_47_59"},{"fecha":"2018-10-17_14_47_59","cusec":"2805804006","nmun":"Fuenlabrada","v_venta":"1747","n_venta":"9","v_alql":0,"n_alql":0,"_id":"2805804006--2018-10-17_14_47_59"},{"fecha":"2018-10-17_14_47_59","cusec":"2805804007","nmun":"Fuenlabrada","v_venta":"1694","n_venta":"18","v_alql":"9.40","n_alql":"1","_id":"2805804007--2018-10-17_14_47_59"},{"fecha":"2018-10-17_14_47_59","cusec":"2805804008","nmun":"Fuenlabrada","v_venta":"1593","n_venta":"6","v_alql":0,"n_alql":0,"_id":"2805804008--2018-10-17_14_47_59"},{"fecha":"2018-10-17_14_47_59","cusec":"2805804009","nmun":"Fuenlabrada","v_venta":"1739","n_venta":"1","v_alql":0,"n_alql":0,"_id":"2805804009--2018-10-17_14_47_59"},{"fecha":"2018-10-17_14_47_59","cusec":"2805804010","nmun":"Fuenlabrada","v_venta":"1821","n_venta":"3","v_alql":0,"n_alql":0,"_id":"2805804010--2018-10-17_14_47_59"},{"fecha":"2018-10-17_14_47_59","cusec":"2805804011","nmun":"Fuenlabrada","v_venta":"1128","n_venta":"2","v_alql":0,"n_alql":0,"_id":"2805804011--2018-10-17_14_47_59"},{"fecha":"2018-10-17_14_47_59","cusec":"2805804012","nmun":"Fuenlabrada","v_venta":"1578","n_venta":"9","v_alql":"8.95","n_alql":"1","_id":"2805804012--2018-10-17_14_47_59"},{"fecha":"2018-10-17_14_47_59","cusec":"2805804013","nmun":"Fuenlabrada","v_venta":"1644","n_venta":"11","v_alql":"7.05","n_alql":"1","_id":"2805804013--2018-10-17_14_47_59"},{"fecha":"2018-10-17_14_47_59","cusec":"2805804014","nmun":"Fuenlabrada","v_venta":"1756","n_venta":"11","v_alql":0,"n_alql":0,"_id":"2805804014--2018-10-17_14_47_59"},{"fecha":"2018-10-17_14_47_59","cusec":"2805804015","nmun":"Fuenlabrada","v_venta":"2096","n_venta":"5","v_alql":0,"n_alql":0,"_id":"2805804015--2018-10-17_14_47_59"},{"fecha":"2018-10-17_14_47_59","cusec":"2805804016","nmun":"Fuenlabrada","v_venta":"1569","n_venta":"2","v_alql":0,"n_alql":0,"_id":"2805804016--2018-10-17_14_47_59"},{"fecha":"2018-10-17_14_47_59","cusec":"2805805001","nmun":"Fuenlabrada","v_venta":"1733","n_venta":"16","v_alql":"6.00","n_alql":"1","_id":"2805805001--2018-10-17_14_47_59"},{"fecha":"2018-10-17_14_47_59","cusec":"2805805002","nmun":"Fuenlabrada","v_venta":"1817","n_venta":"6","v_alql":0,"n_alql":0,"_id":"2805805002--2018-10-17_14_47_59"},{"fecha":"2018-10-17_14_47_59","cusec":"2805805003","nmun":"Fuenlabrada","v_venta":"1575","n_venta":"7","v_alql":0,"n_alql":0,"_id":"2805805003--2018-10-17_14_47_59"},{"fecha":"2018-10-17_14_47_59","cusec":"2805805004","nmun":"Fuenlabrada","v_venta":"1760","n_venta":"4","v_alql":"8.86","n_alql":"1","_id":"2805805004--2018-10-17_14_47_59"},{"fecha":"2018-10-17_14_47_59","cusec":"2805805005","nmun":"Fuenlabrada","v_venta":"1803","n_venta":"5","v_alql":"9.00","n_alql":"1","_id":"2805805005--2018-10-17_14_47_59"},{"fecha":"2018-10-17_14_47_59","cusec":"2805805006","nmun":"Fuenlabrada","v_venta":"1608","n_venta":"7","v_alql":0,"n_alql":0,"_id":"2805805006--2018-10-17_14_47_59"},{"fecha":"2018-10-17_14_47_59","cusec":"2805806001","nmun":"Fuenlabrada","v_venta":"1731","n_venta":"1","v_alql":0,"n_alql":0,"_id":"2805806001--2018-10-17_14_47_59"},{"fecha":"2018-10-17_14_47_59","cusec":"2805806002","nmun":"Fuenlabrada","v_venta":0,"n_venta":0,"v_alql":"8.33","n_alql":"1","_id":"2805806002--2018-10-17_14_47_59"},{"fecha":"2018-10-17_14_47_59","cusec":"2805806003","nmun":"Fuenlabrada","v_venta":"1954","n_venta":"7","v_alql":0,"n_alql":0,"_id":"2805806003--2018-10-17_14_47_59"},{"fecha":"2018-10-17_14_47_59","cusec":"2805806004","nmun":"Fuenlabrada","v_venta":"2429","n_venta":"1","v_alql":0,"n_alql":0,"_id":"2805806004--2018-10-17_14_47_59"},{"fecha":"2018-10-17_14_47_59","cusec":"2805806005","nmun":"Fuenlabrada","v_venta":"1757","n_venta":"9","v_alql":0,"n_alql":0,"_id":"2805806005--2018-10-17_14_47_59"},{"fecha":"2018-10-17_14_47_59","cusec":"2805806006","nmun":"Fuenlabrada","v_venta":"1710","n_venta":"7","v_alql":0,"n_alql":0,"_id":"2805806006--2018-10-17_14_47_59"},{"fecha":"2018-10-17_14_47_59","cusec":"2805806007","nmun":"Fuenlabrada","v_venta":"1458","n_venta":"4","v_alql":0,"n_alql":0,"_id":"2805806007--2018-10-17_14_47_59"},{"fecha":"2018-10-17_14_47_59","cusec":"2805806008","nmun":"Fuenlabrada","v_venta":"1499","n_venta":"8","v_alql":0,"n_alql":0,"_id":"2805806008--2018-10-17_14_47_59"},{"fecha":"2018-10-17_14_47_59","cusec":"2805806009","nmun":"Fuenlabrada","v_venta":"1848","n_venta":"3","v_alql":0,"n_alql":0,"_id":"2805806009--2018-10-17_14_47_59"},{"fecha":"2018-10-17_14_47_59","cusec":"2805806010","nmun":"Fuenlabrada","v_venta":"1550","n_venta":"8","v_alql":0,"n_alql":0,"_id":"2805806010--2018-10-17_14_47_59"},{"fecha":"2018-10-17_14_47_59","cusec":"2805806011","nmun":"Fuenlabrada","v_venta":"1684","n_venta":"4","v_alql":0,"n_alql":0,"_id":"2805806011--2018-10-17_14_47_59"},{"fecha":"2018-10-17_14_47_59","cusec":"2805806012","nmun":"Fuenlabrada","v_venta":"1760","n_venta":"12","v_alql":0,"n_alql":0,"_id":"2805806012--2018-10-17_14_47_59"},{"fecha":"2018-10-17_14_47_59","cusec":"2805806013","nmun":"Fuenlabrada","v_venta":"1507","n_venta":"24","v_alql":"5.91","n_alql":"1","_id":"2805806013--2018-10-17_14_47_59"},{"fecha":"2018-10-17_14_47_59","cusec":"2805806014","nmun":"Fuenlabrada","v_venta":"1746","n_venta":"10","v_alql":0,"n_alql":0,"_id":"2805806014--2018-10-17_14_47_59"},{"fecha":"2018-10-17_14_47_59","cusec":"2805806015","nmun":"Fuenlabrada","v_venta":"1965","n_venta":"3","v_alql":0,"n_alql":0,"_id":"2805806015--2018-10-17_14_47_59"},{"fecha":"2018-10-17_14_47_59","cusec":"2805806016","nmun":"Fuenlabrada","v_venta":"1722","n_venta":"6","v_alql":0,"n_alql":0,"_id":"2805806016--2018-10-17_14_47_59"},{"fecha":"2018-10-17_14_47_59","cusec":"2805806017","nmun":"Fuenlabrada","v_venta":"1825","n_venta":"3","v_alql":0,"n_alql":0,"_id":"2805806017--2018-10-17_14_47_59"},{"fecha":"2018-10-17_14_47_59","cusec":"2805806018","nmun":"Fuenlabrada","v_venta":"1571","n_venta":"5","v_alql":0,"n_alql":0,"_id":"2805806018--2018-10-17_14_47_59"},{"fecha":"2018-10-17_14_47_59","cusec":"2805806019","nmun":"Fuenlabrada","v_venta":"1714","n_venta":"6","v_alql":"8.12","n_alql":"1","_id":"2805806019--2018-10-17_14_47_59"},{"fecha":"2018-10-17_14_47_59","cusec":"2805807001","nmun":"Fuenlabrada","v_venta":"1555","n_venta":"4","v_alql":0,"n_alql":0,"_id":"2805807001--2018-10-17_14_47_59"},{"fecha":"2018-10-17_14_47_59","cusec":"2805807002","nmun":"Fuenlabrada","v_venta":"1625","n_venta":"9","v_alql":0,"n_alql":0,"_id":"2805807002--2018-10-17_14_47_59"},{"fecha":"2018-10-17_14_47_59","cusec":"2805807003","nmun":"Fuenlabrada","v_venta":"2017","n_venta":"3","v_alql":0,"n_alql":0,"_id":"2805807003--2018-10-17_14_47_59"},{"fecha":"2018-10-17_14_47_59","cusec":"2805807004","nmun":"Fuenlabrada","v_venta":"2333","n_venta":"1","v_alql":0,"n_alql":0,"_id":"2805807004--2018-10-17_14_47_59"},{"fecha":"2018-10-17_14_47_59","cusec":"2805807005","nmun":"Fuenlabrada","v_venta":"1721","n_venta":"3","v_alql":0,"n_alql":0,"_id":"2805807005--2018-10-17_14_47_59"},{"fecha":"2018-10-17_14_47_59","cusec":"2805807006","nmun":"Fuenlabrada","v_venta":"1844","n_venta":"5","v_alql":"8.97","n_alql":"1","_id":"2805807006--2018-10-17_14_47_59"},{"fecha":"2018-10-17_14_47_59","cusec":"2805807007","nmun":"Fuenlabrada","v_venta":"1595","n_venta":"16","v_alql":"9.41","n_alql":"1","_id":"2805807007--2018-10-17_14_47_59"},{"fecha":"2018-10-17_14_47_59","cusec":"2805807008","nmun":"Fuenlabrada","v_venta":"1578","n_venta":"2","v_alql":0,"n_alql":0,"_id":"2805807008--2018-10-17_14_47_59"},{"fecha":"2018-10-17_14_47_59","cusec":"2805807009","nmun":"Fuenlabrada","v_venta":"1595","n_venta":"3","v_alql":0,"n_alql":0,"_id":"2805807009--2018-10-17_14_47_59"},{"fecha":"2018-10-17_14_47_59","cusec":"2805807010","nmun":"Fuenlabrada","v_venta":"1828","n_venta":"4","v_alql":0,"n_alql":0,"_id":"2805807010--2018-10-17_14_47_59"},{"fecha":"2018-10-17_14_47_59","cusec":"2805807011","nmun":"Fuenlabrada","v_venta":"1683","n_venta":"3","v_alql":0,"n_alql":0,"_id":"2805807011--2018-10-17_14_47_59"},{"fecha":"2018-10-17_14_47_59","cusec":"2805807012","nmun":"Fuenlabrada","v_venta":"1824","n_venta":"2","v_alql":0,"n_alql":0,"_id":"2805807012--2018-10-17_14_47_59"},{"fecha":"2018-10-17_14_47_59","cusec":"2805807013","nmun":"Fuenlabrada","v_venta":"1600","n_venta":"5","v_alql":0,"n_alql":0,"_id":"2805807013--2018-10-17_14_47_59"},{"fecha":"2018-10-17_14_47_59","cusec":"2805807014","nmun":"Fuenlabrada","v_venta":"1807","n_venta":"23","v_alql":"9.28","n_alql":"2","_id":"2805807014--2018-10-17_14_47_59"},{"fecha":"2018-10-17_14_47_59","cusec":"2805808001","nmun":"Fuenlabrada","v_venta":"2064","n_venta":"6","v_alql":"10.53","n_alql":"1","_id":"2805808001--2018-10-17_14_47_59"},{"fecha":"2018-10-17_14_47_59","cusec":"2805808002","nmun":"Fuenlabrada","v_venta":"2121","n_venta":"3","v_alql":"8.33","n_alql":"1","_id":"2805808002--2018-10-17_14_47_59"},{"fecha":"2018-10-17_14_47_59","cusec":"2805808003","nmun":"Fuenlabrada","v_venta":"1572","n_venta":"2","v_alql":0,"n_alql":0,"_id":"2805808003--2018-10-17_14_47_59"},{"fecha":"2018-10-17_14_47_59","cusec":"2805808004","nmun":"Fuenlabrada","v_venta":"1805","n_venta":"1","v_alql":"9.00","n_alql":"1","_id":"2805808004--2018-10-17_14_47_59"},{"fecha":"2018-10-17_14_47_59","cusec":"2805808005","nmun":"Fuenlabrada","v_venta":"1636","n_venta":"3","v_alql":0,"n_alql":0,"_id":"2805808005--2018-10-17_14_47_59"},{"fecha":"2018-10-17_14_47_59","cusec":"2805808006","nmun":"Fuenlabrada","v_venta":"1728","n_venta":"17","v_alql":"9.46","n_alql":"1","_id":"2805808006--2018-10-17_14_47_59"},{"fecha":"2018-10-17_14_47_59","cusec":"2805808007","nmun":"Fuenlabrada","v_venta":"1515","n_venta":"4","v_alql":0,"n_alql":0,"_id":"2805808007--2018-10-17_14_47_59"},{"fecha":"2018-10-17_14_47_59","cusec":"2805808008","nmun":"Fuenlabrada","v_venta":"1719","n_venta":"10","v_alql":0,"n_alql":0,"_id":"2805808008--2018-10-17_14_47_59"},{"fecha":"2018-10-17_14_47_59","cusec":"2805808009","nmun":"Fuenlabrada","v_venta":"1814","n_venta":"3","v_alql":0,"n_alql":0,"_id":"2805808009--2018-10-17_14_47_59"},{"fecha":"2018-10-17_14_47_59","cusec":"2805808010","nmun":"Fuenlabrada","v_venta":"1441","n_venta":"3","v_alql":0,"n_alql":0,"_id":"2805808010--2018-10-17_14_47_59"},{"fecha":"2018-10-17_14_47_59","cusec":"2805808011","nmun":"Fuenlabrada","v_venta":"1260","n_venta":"1","v_alql":0,"n_alql":0,"_id":"2805808011--2018-10-17_14_47_59"},{"fecha":"2018-10-17_14_47_59","cusec":"2805808012","nmun":"Fuenlabrada","v_venta":"1705","n_venta":"1","v_alql":0,"n_alql":0,"_id":"2805808012--2018-10-17_14_47_59"},{"fecha":"2018-10-17_14_47_59","cusec":"2805808013","nmun":"Fuenlabrada","v_venta":"1650","n_venta":"2","v_alql":0,"n_alql":0,"_id":"2805808013--2018-10-17_14_47_59"},{"fecha":"2018-10-17_14_47_59","cusec":"2805808014","nmun":"Fuenlabrada","v_venta":0,"n_venta":0,"v_alql":0,"n_alql":0,"_id":"2805808014--2018-10-17_14_47_59"},{"fecha":"2018-10-17_14_47_59","cusec":"2805808015","nmun":"Fuenlabrada","v_venta":"1759","n_venta":"6","v_alql":0,"n_alql":0,"_id":"2805808015--2018-10-17_14_47_59"},{"fecha":"2018-10-17_14_47_59","cusec":"2805809001","nmun":"Fuenlabrada","v_venta":"1745","n_venta":"3","v_alql":0,"n_alql":0,"_id":"2805809001--2018-10-17_14_47_59"},{"fecha":"2018-10-17_14_47_59","cusec":"2805809002","nmun":"Fuenlabrada","v_venta":"1795","n_venta":"10","v_alql":"7.14","n_alql":"1","_id":"2805809002--2018-10-17_14_47_59"},{"fecha":"2018-10-17_14_47_59","cusec":"2805809003","nmun":"Fuenlabrada","v_venta":"1817","n_venta":"10","v_alql":0,"n_alql":0,"_id":"2805809003--2018-10-17_14_47_59"},{"fecha":"2018-10-17_14_47_59","cusec":"2805809004","nmun":"Fuenlabrada","v_venta":"2024","n_venta":"4","v_alql":"8.22","n_alql":"2","_id":"2805809004--2018-10-17_14_47_59"},{"fecha":"2018-10-17_14_47_59","cusec":"2805809005","nmun":"Fuenlabrada","v_venta":"1897","n_venta":"7","v_alql":"7.70","n_alql":"3","_id":"2805809005--2018-10-17_14_47_59"},{"fecha":"2018-10-17_14_47_59","cusec":"2805809006","nmun":"Fuenlabrada","v_venta":"1492","n_venta":"7","v_alql":"6.53","n_alql":"1","_id":"2805809006--2018-10-17_14_47_59"},{"fecha":"2018-10-17_14_47_59","cusec":"2805809007","nmun":"Fuenlabrada","v_venta":"1503","n_venta":"8","v_alql":0,"n_alql":0,"_id":"2805809007--2018-10-17_14_47_59"},{"fecha":"2018-10-17_14_47_59","cusec":"2805809008","nmun":"Fuenlabrada","v_venta":"1711","n_venta":"13","v_alql":0,"n_alql":0,"_id":"2805809008--2018-10-17_14_47_59"},{"fecha":"2018-10-17_14_47_59","cusec":"2805809009","nmun":"Fuenlabrada","v_venta":"1201","n_venta":"1","v_alql":0,"n_alql":0,"_id":"2805809009--2018-10-17_14_47_59"},{"fecha":"2018-10-17_14_47_59","cusec":"2805809010","nmun":"Fuenlabrada","v_venta":"1934","n_venta":"2","v_alql":0,"n_alql":0,"_id":"2805809010--2018-10-17_14_47_59"},{"fecha":"2018-10-17_14_47_59","cusec":"2805809011","nmun":"Fuenlabrada","v_venta":"1772","n_venta":"3","v_alql":0,"n_alql":0,"_id":"2805809011--2018-10-17_14_47_59"},{"fecha":"2018-10-17_14_47_59","cusec":"2805809012","nmun":"Fuenlabrada","v_venta":"1588","n_venta":"1","v_alql":0,"n_alql":0,"_id":"2805809012--2018-10-17_14_47_59"},{"fecha":"2018-10-17_14_47_59","v_venta":0,"n_venta":0,"v_alql":0,"n_alql":0,"_id":"undefined--2018-10-17_14_47_59"}],"nmun":"Fuenlabrada"}