{"scrapedData":[{"fecha":"2018-10-17_14_47_59","cusec":"2806101001","nmun":"Galapagar","v_venta":"1556","n_venta":"61","v_alql":"9.05","n_alql":"6","_id":"2806101001--2018-10-17_14_47_59"},{"fecha":"2018-10-17_14_47_59","cusec":"2806101002","nmun":"Galapagar","v_venta":"1634","n_venta":"26","v_alql":"7.56","n_alql":"4","_id":"2806101002--2018-10-17_14_47_59"},{"fecha":"2018-10-17_14_47_59","cusec":"2806101003","nmun":"Galapagar","v_venta":"1638","n_venta":"41","v_alql":"6.73","n_alql":"4","_id":"2806101003--2018-10-17_14_47_59"},{"fecha":"2018-10-17_14_47_59","cusec":"2806101004","nmun":"Galapagar","v_venta":"1641","n_venta":"44","v_alql":"6.98","n_alql":"4","_id":"2806101004--2018-10-17_14_47_59"},{"fecha":"2018-10-17_14_47_59","cusec":"2806101005","nmun":"Galapagar","v_venta":"1535","n_venta":"49","v_alql":0,"n_alql":0,"_id":"2806101005--2018-10-17_14_47_59"},{"fecha":"2018-10-17_14_47_59","cusec":"2806101006","nmun":"Galapagar","v_venta":"1557","n_venta":"35","v_alql":"8.18","n_alql":"1","_id":"2806101006--2018-10-17_14_47_59"},{"fecha":"2018-10-17_14_47_59","cusec":"2806101007","nmun":"Galapagar","v_venta":"1718","n_venta":"18","v_alql":"6.69","n_alql":"2","_id":"2806101007--2018-10-17_14_47_59"},{"fecha":"2018-10-17_14_47_59","cusec":"2806101008","nmun":"Galapagar","v_venta":"1344","n_venta":"68","v_alql":"6.68","n_alql":"4","_id":"2806101008--2018-10-17_14_47_59"},{"fecha":"2018-10-17_14_47_59","cusec":"2806101009","nmun":"Galapagar","v_venta":"1506","n_venta":"70","v_alql":"5.04","n_alql":"1","_id":"2806101009--2018-10-17_14_47_59"},{"fecha":"2018-10-17_14_47_59","cusec":"2806101010","nmun":"Galapagar","v_venta":"1551","n_venta":"30","v_alql":0,"n_alql":0,"_id":"2806101010--2018-10-17_14_47_59"},{"fecha":"2018-10-17_14_47_59","cusec":"2806101011","nmun":"Galapagar","v_venta":"1574","n_venta":"49","v_alql":"5.12","n_alql":"2","_id":"2806101011--2018-10-17_14_47_59"},{"fecha":"2018-10-17_14_47_59","cusec":"2806101012","nmun":"Galapagar","v_venta":"1647","n_venta":"65","v_alql":"7.97","n_alql":"4","_id":"2806101012--2018-10-17_14_47_59"},{"fecha":"2018-10-17_14_47_59","cusec":"2806101013","nmun":"Galapagar","v_venta":"1414","n_venta":"34","v_alql":"5.75","n_alql":"3","_id":"2806101013--2018-10-17_14_47_59"},{"fecha":"2018-10-17_14_47_59","v_venta":0,"n_venta":0,"v_alql":0,"n_alql":0,"_id":"undefined--2018-10-17_14_47_59"}],"nmun":"Galapagar","_id":"Galapagar--initial_2018-10-17_12_18_18"}