{"_id":"Getafe--initial_2018-10-17_12_18_18","sessionId":"initial_2018-10-17_12_18_18","nmun":"Getafe","scrapedData":[{"fecha":"2018-10-17_15_27_31","cusec":"2806501002","nmun":"Getafe","v_venta":"1769","n_venta":"11","v_alql":"10.77","n_alql":"3","_id":"2806501002--2018-10-17_15_27_31"},{"fecha":"2018-10-17_15_27_31","cusec":"2806501003","nmun":"Getafe","v_venta":"2091","n_venta":"7","v_alql":"10.76","n_alql":"1","_id":"2806501003--2018-10-17_15_27_31"},{"fecha":"2018-10-17_15_27_31","cusec":"2806501004","nmun":"Getafe","v_venta":"2404","n_venta":"7","v_alql":"9.88","n_alql":"3","_id":"2806501004--2018-10-17_15_27_31"},{"fecha":"2018-10-17_15_27_31","cusec":"2806501005","nmun":"Getafe","v_venta":"2270","n_venta":"4","v_alql":"8.05","n_alql":"3","_id":"2806501005--2018-10-17_15_27_31"},{"fecha":"2018-10-17_15_27_31","cusec":"2806501006","nmun":"Getafe","v_venta":"1884","n_venta":"9","v_alql":0,"n_alql":0,"_id":"2806501006--2018-10-17_15_27_31"},{"fecha":"2018-10-17_15_27_31","cusec":"2806501007","nmun":"Getafe","v_venta":"2154","n_venta":"7","v_alql":"7.27","n_alql":"1","_id":"2806501007--2018-10-17_15_27_31"},{"fecha":"2018-10-17_15_27_31","cusec":"2806501008","nmun":"Getafe","v_venta":"2459","n_venta":"27","v_alql":"10.00","n_alql":"1","_id":"2806501008--2018-10-17_15_27_31"},{"fecha":"2018-10-17_15_27_31","cusec":"2806501009","nmun":"Getafe","v_venta":"2013","n_venta":"6","v_alql":0,"n_alql":0,"_id":"2806501009--2018-10-17_15_27_31"},{"fecha":"2018-10-17_15_27_31","cusec":"2806501010","nmun":"Getafe","v_venta":"1765","n_venta":"6","v_alql":0,"n_alql":0,"_id":"2806501010--2018-10-17_15_27_31"},{"fecha":"2018-10-17_15_27_31","cusec":"2806501011","nmun":"Getafe","v_venta":"2032","n_venta":"6","v_alql":"4.42","n_alql":"1","_id":"2806501011--2018-10-17_15_27_31"},{"fecha":"2018-10-17_15_28_50","cusec":"2806501012","nmun":"Getafe","v_venta":"1947","n_venta":"2","v_alql":"8.49","n_alql":"1","_id":"2806501012--2018-10-17_15_28_50"},{"fecha":"2018-10-17_15_28_50","cusec":"2806501013","nmun":"Getafe","v_venta":"1681","n_venta":"3","v_alql":0,"n_alql":0,"_id":"2806501013--2018-10-17_15_28_50"},{"fecha":"2018-10-17_15_28_50","cusec":"2806501014","nmun":"Getafe","v_venta":"1882","n_venta":"19","v_alql":"10.00","n_alql":"1","_id":"2806501014--2018-10-17_15_28_50"},{"fecha":"2018-10-17_15_28_50","cusec":"2806501015","nmun":"Getafe","v_venta":"1727","n_venta":"4","v_alql":"8.46","n_alql":"1","_id":"2806501015--2018-10-17_15_28_50"},{"fecha":"2018-10-17_15_28_50","cusec":"2806501016","nmun":"Getafe","v_venta":"1992","n_venta":"7","v_alql":0,"n_alql":0,"_id":"2806501016--2018-10-17_15_28_50"},{"fecha":"2018-10-17_15_28_50","cusec":"2806501017","nmun":"Getafe","v_venta":"2002","n_venta":"9","v_alql":"8.28","n_alql":"2","_id":"2806501017--2018-10-17_15_28_50"},{"fecha":"2018-10-17_15_28_50","cusec":"2806501018","nmun":"Getafe","v_venta":"1795","n_venta":"5","v_alql":"8.58","n_alql":"2","_id":"2806501018--2018-10-17_15_28_50"},{"fecha":"2018-10-17_15_28_50","cusec":"2806501019","nmun":"Getafe","v_venta":"2482","n_venta":"5","v_alql":0,"n_alql":0,"_id":"2806501019--2018-10-17_15_28_50"},{"fecha":"2018-10-17_15_28_50","cusec":"2806502001","nmun":"Getafe","v_venta":"2952","n_venta":"1","v_alql":"10.24","n_alql":"2","_id":"2806502001--2018-10-17_15_28_50"},{"fecha":"2018-10-17_15_28_50","cusec":"2806502002","nmun":"Getafe","v_venta":"1784","n_venta":"3","v_alql":"8.94","n_alql":"2","_id":"2806502002--2018-10-17_15_28_50"},{"fecha":"2018-10-17_15_28_50","cusec":"2806502003","nmun":"Getafe","v_venta":"2147","n_venta":"4","v_alql":"9.94","n_alql":"1","_id":"2806502003--2018-10-17_15_28_50"},{"fecha":"2018-10-17_15_28_50","cusec":"2806502004","nmun":"Getafe","v_venta":"1961","n_venta":"3","v_alql":"10.26","n_alql":"2","_id":"2806502004--2018-10-17_15_28_50"},{"fecha":"2018-10-17_15_28_50","cusec":"2806502005","nmun":"Getafe","v_venta":"2099","n_venta":"3","v_alql":0,"n_alql":0,"_id":"2806502005--2018-10-17_15_28_50"},{"fecha":"2018-10-17_15_28_50","cusec":"2806502006","nmun":"Getafe","v_venta":"1621","n_venta":"6","v_alql":0,"n_alql":0,"_id":"2806502006--2018-10-17_15_28_50"},{"fecha":"2018-10-17_15_28_50","cusec":"2806502007","nmun":"Getafe","v_venta":"1935","n_venta":"1","v_alql":"11.33","n_alql":"1","_id":"2806502007--2018-10-17_15_28_50"},{"fecha":"2018-10-17_15_28_50","cusec":"2806502009","nmun":"Getafe","v_venta":"2160","n_venta":"7","v_alql":"8.46","n_alql":"3","_id":"2806502009--2018-10-17_15_28_50"},{"fecha":"2018-10-17_15_28_50","cusec":"2806502010","nmun":"Getafe","v_venta":"2208","n_venta":"9","v_alql":"11.29","n_alql":"3","_id":"2806502010--2018-10-17_15_28_50"},{"fecha":"2018-10-17_15_35_47","cusec":"2806502011","nmun":"Getafe","v_venta":"2220","n_venta":"4","v_alql":"9.18","n_alql":"1","_id":"2806502011--2018-10-17_15_35_47"},{"fecha":"2018-10-17_15_35_47","cusec":"2806502012","nmun":"Getafe","v_venta":"2183","n_venta":"8","v_alql":"10.71","n_alql":"2","_id":"2806502012--2018-10-17_15_35_47"},{"fecha":"2018-10-17_15_35_47","cusec":"2806502013","nmun":"Getafe","v_venta":"2564","n_venta":"15","v_alql":"12.27","n_alql":"3","_id":"2806502013--2018-10-17_15_35_47"},{"fecha":"2018-10-17_15_35_47","cusec":"2806502014","nmun":"Getafe","v_venta":"1944","n_venta":"11","v_alql":0,"n_alql":0,"_id":"2806502014--2018-10-17_15_35_47"},{"fecha":"2018-10-17_15_35_47","cusec":"2806502015","nmun":"Getafe","v_venta":"2186","n_venta":"8","v_alql":"10.20","n_alql":"2","_id":"2806502015--2018-10-17_15_35_47"},{"fecha":"2018-10-17_15_35_47","cusec":"2806502016","nmun":"Getafe","v_venta":"2203","n_venta":"13","v_alql":"10.74","n_alql":"2","_id":"2806502016--2018-10-17_15_35_47"},{"fecha":"2018-10-17_15_35_47","cusec":"2806502017","nmun":"Getafe","v_venta":"1910","n_venta":"14","v_alql":"7.15","n_alql":"4","_id":"2806502017--2018-10-17_15_35_47"},{"fecha":"2018-10-17_15_35_47","cusec":"2806502018","nmun":"Getafe","v_venta":"1948","n_venta":"7","v_alql":"8.48","n_alql":"2","_id":"2806502018--2018-10-17_15_35_47"},{"fecha":"2018-10-17_15_35_47","cusec":"2806502019","nmun":"Getafe","v_venta":"2273","n_venta":"4","v_alql":0,"n_alql":0,"_id":"2806502019--2018-10-17_15_35_47"},{"fecha":"2018-10-17_15_35_47","cusec":"2806502020","nmun":"Getafe","v_venta":"1887","n_venta":"5","v_alql":0,"n_alql":0,"_id":"2806502020--2018-10-17_15_35_47"},{"fecha":"2018-10-17_15_35_47","cusec":"2806502021","nmun":"Getafe","v_venta":"2127","n_venta":"8","v_alql":"6.09","n_alql":"1","_id":"2806502021--2018-10-17_15_35_47"},{"fecha":"2018-10-17_15_35_47","cusec":"2806503001","nmun":"Getafe","v_venta":"2013","n_venta":"3","v_alql":"9.67","n_alql":"2","_id":"2806503001--2018-10-17_15_35_47"},{"fecha":"2018-10-17_15_47_14","cusec":"2806503002","nmun":"Getafe","v_venta":"2130","n_venta":"1","v_alql":0,"n_alql":0,"_id":"2806503002--2018-10-17_15_47_14"},{"fecha":"2018-10-17_15_47_14","cusec":"2806503003","nmun":"Getafe","v_venta":"1577","n_venta":"6","v_alql":0,"n_alql":0,"_id":"2806503003--2018-10-17_15_47_14"},{"fecha":"2018-10-17_15_47_14","cusec":"2806503004","nmun":"Getafe","v_venta":"1784","n_venta":"2","v_alql":0,"n_alql":0,"_id":"2806503004--2018-10-17_15_47_14"},{"fecha":"2018-10-17_15_47_14","cusec":"2806503005","nmun":"Getafe","v_venta":"1963","n_venta":"5","v_alql":"9.33","n_alql":"1","_id":"2806503005--2018-10-17_15_47_14"},{"fecha":"2018-10-17_15_47_14","cusec":"2806503006","nmun":"Getafe","v_venta":"1827","n_venta":"6","v_alql":"10.78","n_alql":"1","_id":"2806503006--2018-10-17_15_47_14"},{"fecha":"2018-10-17_15_47_14","cusec":"2806503007","nmun":"Getafe","v_venta":"1876","n_venta":"4","v_alql":"9.67","n_alql":"1","_id":"2806503007--2018-10-17_15_47_14"},{"fecha":"2018-10-17_15_47_14","cusec":"2806503008","nmun":"Getafe","v_venta":"1770","n_venta":"19","v_alql":"7.80","n_alql":"1","_id":"2806503008--2018-10-17_15_47_14"},{"fecha":"2018-10-17_15_47_14","cusec":"2806503009","nmun":"Getafe","v_venta":"2111","n_venta":"1","v_alql":0,"n_alql":0,"_id":"2806503009--2018-10-17_15_47_14"},{"fecha":"2018-10-17_15_47_14","cusec":"2806503010","nmun":"Getafe","v_venta":"1955","n_venta":"5","v_alql":"9.00","n_alql":"1","_id":"2806503010--2018-10-17_15_47_14"},{"fecha":"2018-10-17_15_47_14","cusec":"2806503011","nmun":"Getafe","v_venta":"1812","n_venta":"5","v_alql":"9.64","n_alql":"1","_id":"2806503011--2018-10-17_15_47_14"},{"fecha":"2018-10-17_15_47_14","cusec":"2806503012","nmun":"Getafe","v_venta":"1680","n_venta":"2","v_alql":0,"n_alql":0,"_id":"2806503012--2018-10-17_15_47_14"},{"fecha":"2018-10-17_15_47_14","cusec":"2806503013","nmun":"Getafe","v_venta":0,"n_venta":0,"v_alql":0,"n_alql":0,"_id":"2806503013--2018-10-17_15_47_14"},{"fecha":"2018-10-17_15_47_14","cusec":"2806503014","nmun":"Getafe","v_venta":0,"n_venta":0,"v_alql":0,"n_alql":0,"_id":"2806503014--2018-10-17_15_47_14"},{"fecha":"2018-10-17_15_47_14","cusec":"2806503015","nmun":"Getafe","v_venta":0,"n_venta":0,"v_alql":"9.67","n_alql":"1","_id":"2806503015--2018-10-17_15_47_14"},{"fecha":"2018-10-17_15_47_14","cusec":"2806503016","nmun":"Getafe","v_venta":"2053","n_venta":"3","v_alql":0,"n_alql":0,"_id":"2806503016--2018-10-17_15_47_14"},{"fecha":"2018-10-17_15_47_14","cusec":"2806503017","nmun":"Getafe","v_venta":"1464","n_venta":"2","v_alql":0,"n_alql":0,"_id":"2806503017--2018-10-17_15_47_14"},{"fecha":"2018-10-17_15_47_14","cusec":"2806503018","nmun":"Getafe","v_venta":"1330","n_venta":"1","v_alql":0,"n_alql":0,"_id":"2806503018--2018-10-17_15_47_14"},{"fecha":"2018-10-17_15_47_14","cusec":"2806503019","nmun":"Getafe","v_venta":"1643","n_venta":"4","v_alql":0,"n_alql":0,"_id":"2806503019--2018-10-17_15_47_14"},{"fecha":"2018-10-17_15_47_14","cusec":"2806503020","nmun":"Getafe","v_venta":0,"n_venta":0,"v_alql":0,"n_alql":0,"_id":"2806503020--2018-10-17_15_47_14"},{"fecha":"2018-10-17_15_47_14","cusec":"2806503021","nmun":"Getafe","v_venta":"1963","n_venta":"20","v_alql":"9.81","n_alql":"4","_id":"2806503021--2018-10-17_15_47_14"},{"fecha":"2018-10-17_15_47_14","cusec":"2806503022","nmun":"Getafe","v_venta":"1543","n_venta":"6","v_alql":0,"n_alql":0,"_id":"2806503022--2018-10-17_15_47_14"},{"fecha":"2018-10-17_15_47_14","cusec":"2806503023","nmun":"Getafe","v_venta":"1764","n_venta":"3","v_alql":0,"n_alql":0,"_id":"2806503023--2018-10-17_15_47_14"},{"fecha":"2018-10-17_15_47_14","cusec":"2806503024","nmun":"Getafe","v_venta":"1526","n_venta":"2","v_alql":"6.42","n_alql":"1","_id":"2806503024--2018-10-17_15_47_14"},{"fecha":"2018-10-17_15_47_14","cusec":"2806503025","nmun":"Getafe","v_venta":"1691","n_venta":"4","v_alql":0,"n_alql":0,"_id":"2806503025--2018-10-17_15_47_14"},{"fecha":"2018-10-17_15_47_14","cusec":"2806503026","nmun":"Getafe","v_venta":"1684","n_venta":"2","v_alql":0,"n_alql":0,"_id":"2806503026--2018-10-17_15_47_14"},{"fecha":"2018-10-17_15_47_14","cusec":"2806503027","nmun":"Getafe","v_venta":"1681","n_venta":"1","v_alql":0,"n_alql":0,"_id":"2806503027--2018-10-17_15_47_14"},{"fecha":"2018-10-17_15_47_14","cusec":"2806503028","nmun":"Getafe","v_venta":"1557","n_venta":"6","v_alql":0,"n_alql":0,"_id":"2806503028--2018-10-17_15_47_14"},{"fecha":"2018-10-17_15_47_14","cusec":"2806503029","nmun":"Getafe","v_venta":"1642","n_venta":"5","v_alql":0,"n_alql":0,"_id":"2806503029--2018-10-17_15_47_14"},{"fecha":"2018-10-17_15_47_14","cusec":"2806503030","nmun":"Getafe","v_venta":"2473","n_venta":"14","v_alql":0,"n_alql":0,"_id":"2806503030--2018-10-17_15_47_14"},{"fecha":"2018-10-17_15_47_14","cusec":"2806503031","nmun":"Getafe","v_venta":"1579","n_venta":"3","v_alql":"5.46","n_alql":"1","_id":"2806503031--2018-10-17_15_47_14"},{"fecha":"2018-10-17_15_47_14","cusec":"2806503032","nmun":"Getafe","v_venta":0,"n_venta":0,"v_alql":0,"n_alql":0,"_id":"2806503032--2018-10-17_15_47_14"},{"fecha":"2018-10-17_15_47_14","cusec":"2806503033","nmun":"Getafe","v_venta":"2428","n_venta":"18","v_alql":"8.64","n_alql":"1","_id":"2806503033--2018-10-17_15_47_14"},{"fecha":"2018-10-17_15_47_14","cusec":"2806503034","nmun":"Getafe","v_venta":"1682","n_venta":"12","v_alql":0,"n_alql":0,"_id":"2806503034--2018-10-17_15_47_14"},{"fecha":"2018-10-17_15_47_14","cusec":"2806503035","nmun":"Getafe","v_venta":"1707","n_venta":"9","v_alql":0,"n_alql":0,"_id":"2806503035--2018-10-17_15_47_14"},{"fecha":"2018-10-17_15_47_14","cusec":"2806503036","nmun":"Getafe","v_venta":0,"n_venta":0,"v_alql":0,"n_alql":0,"_id":"2806503036--2018-10-17_15_47_14"},{"fecha":"2018-10-17_15_47_14","cusec":"2806503037","nmun":"Getafe","v_venta":"2261","n_venta":"7","v_alql":"8.33","n_alql":"1","_id":"2806503037--2018-10-17_15_47_14"},{"fecha":"2018-10-17_15_47_14","cusec":"2806503038","nmun":"Getafe","v_venta":"2226","n_venta":"4","v_alql":"7.78","n_alql":"1","_id":"2806503038--2018-10-17_15_47_14"},{"fecha":"2018-10-17_15_47_14","cusec":"2806503039","nmun":"Getafe","v_venta":"2783","n_venta":"54","v_alql":0,"n_alql":0,"_id":"2806503039--2018-10-17_15_47_14"},{"fecha":"2018-10-17_15_47_14","cusec":"2806503040","nmun":"Getafe","v_venta":"1699","n_venta":"2","v_alql":0,"n_alql":0,"_id":"2806503040--2018-10-17_15_47_14"},{"fecha":"2018-10-17_15_47_14","cusec":"2806504001","nmun":"Getafe","v_venta":"1863","n_venta":"3","v_alql":0,"n_alql":0,"_id":"2806504001--2018-10-17_15_47_14"},{"fecha":"2018-10-17_15_47_14","cusec":"2806504002","nmun":"Getafe","v_venta":0,"n_venta":0,"v_alql":"10.30","n_alql":"1","_id":"2806504002--2018-10-17_15_47_14"},{"fecha":"2018-10-17_15_47_14","cusec":"2806504003","nmun":"Getafe","v_venta":"1839","n_venta":"4","v_alql":"9.62","n_alql":"2","_id":"2806504003--2018-10-17_15_47_14"},{"fecha":"2018-10-17_15_47_14","cusec":"2806504004","nmun":"Getafe","v_venta":"1864","n_venta":"3","v_alql":0,"n_alql":0,"_id":"2806504004--2018-10-17_15_47_14"},{"fecha":"2018-10-17_15_47_14","cusec":"2806504005","nmun":"Getafe","v_venta":"1878","n_venta":"2","v_alql":0,"n_alql":0,"_id":"2806504005--2018-10-17_15_47_14"},{"fecha":"2018-10-17_15_47_14","cusec":"2806504006","nmun":"Getafe","v_venta":"1587","n_venta":"7","v_alql":0,"n_alql":0,"_id":"2806504006--2018-10-17_15_47_14"},{"fecha":"2018-10-17_15_47_14","cusec":"2806504007","nmun":"Getafe","v_venta":"2146","n_venta":"3","v_alql":0,"n_alql":0,"_id":"2806504007--2018-10-17_15_47_14"},{"fecha":"2018-10-17_15_47_14","cusec":"2806504008","nmun":"Getafe","v_venta":"1878","n_venta":"6","v_alql":0,"n_alql":0,"_id":"2806504008--2018-10-17_15_47_14"},{"fecha":"2018-10-17_15_47_14","cusec":"2806504009","nmun":"Getafe","v_venta":"1789","n_venta":"4","v_alql":0,"n_alql":0,"_id":"2806504009--2018-10-17_15_47_14"},{"fecha":"2018-10-17_15_47_14","cusec":"2806504010","nmun":"Getafe","v_venta":"1992","n_venta":"2","v_alql":0,"n_alql":0,"_id":"2806504010--2018-10-17_15_47_14"},{"fecha":"2018-10-17_15_47_14","cusec":"2806504011","nmun":"Getafe","v_venta":"1821","n_venta":"5","v_alql":0,"n_alql":0,"_id":"2806504011--2018-10-17_15_47_14"},{"fecha":"2018-10-17_15_47_14","cusec":"2806504012","nmun":"Getafe","v_venta":0,"n_venta":0,"v_alql":0,"n_alql":0,"_id":"2806504012--2018-10-17_15_47_14"},{"fecha":"2018-10-17_15_47_14","cusec":"2806504013","nmun":"Getafe","v_venta":"2096","n_venta":"4","v_alql":0,"n_alql":0,"_id":"2806504013--2018-10-17_15_47_14"},{"fecha":"2018-10-17_15_47_14","cusec":"2806504014","nmun":"Getafe","v_venta":"1503","n_venta":"2","v_alql":0,"n_alql":0,"_id":"2806504014--2018-10-17_15_47_14"},{"fecha":"2018-10-17_15_47_14","cusec":"2806504015","nmun":"Getafe","v_venta":"2006","n_venta":"3","v_alql":0,"n_alql":0,"_id":"2806504015--2018-10-17_15_47_14"},{"fecha":"2018-10-17_15_47_14","cusec":"2806504016","nmun":"Getafe","v_venta":"1338","n_venta":"1","v_alql":0,"n_alql":0,"_id":"2806504016--2018-10-17_15_47_14"},{"fecha":"2018-10-17_15_47_14","cusec":"2806504017","nmun":"Getafe","v_venta":"1509","n_venta":"3","v_alql":0,"n_alql":0,"_id":"2806504017--2018-10-17_15_47_14"},{"fecha":"2018-10-17_15_47_14","cusec":"2806504018","nmun":"Getafe","v_venta":"1733","n_venta":"3","v_alql":"9.50","n_alql":"1","_id":"2806504018--2018-10-17_15_47_14"},{"fecha":"2018-10-17_15_47_14","cusec":"2806504021","nmun":"Getafe","v_venta":"1729","n_venta":"2","v_alql":0,"n_alql":0,"_id":"2806504021--2018-10-17_15_47_14"},{"fecha":"2018-10-17_15_47_14","cusec":"2806504022","nmun":"Getafe","v_venta":"1448","n_venta":"1","v_alql":"10.00","n_alql":"2","_id":"2806504022--2018-10-17_15_47_14"},{"fecha":"2018-10-17_15_47_14","cusec":"2806504023","nmun":"Getafe","v_venta":"1096","n_venta":"1","v_alql":0,"n_alql":0,"_id":"2806504023--2018-10-17_15_47_14"},{"fecha":"2018-10-17_16_02_55","cusec":"2806504024","nmun":"Getafe","v_venta":"1998","n_venta":"1","v_alql":0,"n_alql":0,"_id":"2806504024--2018-10-17_16_02_55"},{"fecha":"2018-10-17_16_02_55","cusec":"2806504025","nmun":"Getafe","v_venta":"2002","n_venta":"3","v_alql":0,"n_alql":0,"_id":"2806504025--2018-10-17_16_02_55"},{"fecha":"2018-10-17_16_02_55","cusec":"2806504026","nmun":"Getafe","v_venta":"1689","n_venta":"3","v_alql":0,"n_alql":0,"_id":"2806504026--2018-10-17_16_02_55"},{"fecha":"2018-10-17_16_02_55","cusec":"2806504027","nmun":"Getafe","v_venta":"1671","n_venta":"5","v_alql":0,"n_alql":0,"_id":"2806504027--2018-10-17_16_02_55"},{"fecha":"2018-10-17_16_02_55","cusec":"2806504028","nmun":"Getafe","v_venta":"1598","n_venta":"5","v_alql":0,"n_alql":0,"_id":"2806504028--2018-10-17_16_02_55"},{"fecha":"2018-10-17_16_02_55","cusec":"2806504029","nmun":"Getafe","v_venta":"1522","n_venta":"6","v_alql":"9.47","n_alql":"1","_id":"2806504029--2018-10-17_16_02_55"},{"fecha":"2018-10-17_16_02_55","cusec":"2806504030","nmun":"Getafe","v_venta":"1816","n_venta":"5","v_alql":"9.17","n_alql":"2","_id":"2806504030--2018-10-17_16_02_55"},{"fecha":"2018-10-17_16_02_55","cusec":"2806504031","nmun":"Getafe","v_venta":"1454","n_venta":"2","v_alql":"7.93","n_alql":"1","_id":"2806504031--2018-10-17_16_02_55"},{"fecha":"2018-10-17_16_02_55","cusec":"2806504032","nmun":"Getafe","v_venta":"2155","n_venta":"12","v_alql":"10.00","n_alql":"1","_id":"2806504032--2018-10-17_16_02_55"},{"fecha":"2018-10-17_16_02_55","cusec":"2806504033","nmun":"Getafe","v_venta":"1494","n_venta":"22","v_alql":"6.91","n_alql":"2","_id":"2806504033--2018-10-17_16_02_55"},{"fecha":"2018-10-17_16_02_55","v_venta":0,"n_venta":0,"v_alql":0,"n_alql":0,"_id":"undefined--2018-10-17_16_02_55"}]}