{"_id":"Leganés--initial_2018-10-17_12_18_18","sessionId":"initial_2018-10-17_12_18_18","nmun":"Leganés","scrapedData":[{"fecha":"2018-10-17_16_02_55","cusec":"2807401001","nmun":"Leganés","v_venta":"2125","n_venta":"5","v_alql":0,"n_alql":0,"_id":"2807401001--2018-10-17_16_02_55"},{"fecha":"2018-10-17_16_02_55","cusec":"2807401002","nmun":"Leganés","v_venta":0,"n_venta":0,"v_alql":0,"n_alql":0,"_id":"2807401002--2018-10-17_16_02_55"},{"fecha":"2018-10-17_16_02_55","cusec":"2807401003","nmun":"Leganés","v_venta":"1938","n_venta":"2","v_alql":0,"n_alql":0,"_id":"2807401003--2018-10-17_16_02_55"},{"fecha":"2018-10-17_16_02_55","cusec":"2807401004","nmun":"Leganés","v_venta":"2223","n_venta":"10","v_alql":"10.61","n_alql":"3","_id":"2807401004--2018-10-17_16_02_55"},{"fecha":"2018-10-17_16_02_55","cusec":"2807401005","nmun":"Leganés","v_venta":"1842","n_venta":"3","v_alql":"9.62","n_alql":"1","_id":"2807401005--2018-10-17_16_02_55"},{"fecha":"2018-10-17_16_02_55","cusec":"2807401006","nmun":"Leganés","v_venta":"2063","n_venta":"7","v_alql":0,"n_alql":0,"_id":"2807401006--2018-10-17_16_02_55"},{"fecha":"2018-10-17_16_02_55","cusec":"2807401007","nmun":"Leganés","v_venta":0,"n_venta":0,"v_alql":0,"n_alql":0,"_id":"2807401007--2018-10-17_16_02_55"},{"fecha":"2018-10-17_16_02_55","cusec":"2807401008","nmun":"Leganés","v_venta":"2077","n_venta":"1","v_alql":0,"n_alql":0,"_id":"2807401008--2018-10-17_16_02_55"},{"fecha":"2018-10-17_16_02_55","cusec":"2807401009","nmun":"Leganés","v_venta":"1501","n_venta":"2","v_alql":0,"n_alql":0,"_id":"2807401009--2018-10-17_16_02_55"},{"fecha":"2018-10-17_16_02_55","cusec":"2807401010","nmun":"Leganés","v_venta":"2247","n_venta":"5","v_alql":"10.00","n_alql":"1","_id":"2807401010--2018-10-17_16_02_55"},{"fecha":"2018-10-17_16_02_55","cusec":"2807401011","nmun":"Leganés","v_venta":"2415","n_venta":"2","v_alql":"11.11","n_alql":"1","_id":"2807401011--2018-10-17_16_02_55"},{"fecha":"2018-10-17_16_02_55","cusec":"2807401012","nmun":"Leganés","v_venta":"1692","n_venta":"1","v_alql":0,"n_alql":0,"_id":"2807401012--2018-10-17_16_02_55"},{"fecha":"2018-10-17_16_02_55","cusec":"2807401013","nmun":"Leganés","v_venta":"1731","n_venta":"5","v_alql":0,"n_alql":0,"_id":"2807401013--2018-10-17_16_02_55"},{"fecha":"2018-10-17_16_02_55","cusec":"2807401014","nmun":"Leganés","v_venta":"1720","n_venta":"6","v_alql":"13.33","n_alql":"1","_id":"2807401014--2018-10-17_16_02_55"},{"fecha":"2018-10-17_16_02_55","cusec":"2807401015","nmun":"Leganés","v_venta":"1837","n_venta":"3","v_alql":0,"n_alql":0,"_id":"2807401015--2018-10-17_16_02_55"},{"fecha":"2018-10-17_16_02_55","cusec":"2807401016","nmun":"Leganés","v_venta":"2154","n_venta":"8","v_alql":0,"n_alql":0,"_id":"2807401016--2018-10-17_16_02_55"},{"fecha":"2018-10-17_16_02_55","cusec":"2807401017","nmun":"Leganés","v_venta":"1445","n_venta":"1","v_alql":0,"n_alql":0,"_id":"2807401017--2018-10-17_16_02_55"},{"fecha":"2018-10-17_16_02_55","cusec":"2807401018","nmun":"Leganés","v_venta":"2058","n_venta":"22","v_alql":0,"n_alql":0,"_id":"2807401018--2018-10-17_16_02_55"},{"fecha":"2018-10-17_16_02_55","cusec":"2807401019","nmun":"Leganés","v_venta":"1780","n_venta":"1","v_alql":"9.41","n_alql":"1","_id":"2807401019--2018-10-17_16_02_55"},{"fecha":"2018-10-17_16_02_55","cusec":"2807401020","nmun":"Leganés","v_venta":"1949","n_venta":"6","v_alql":0,"n_alql":0,"_id":"2807401020--2018-10-17_16_02_55"},{"fecha":"2018-10-17_16_02_55","cusec":"2807401021","nmun":"Leganés","v_venta":"1974","n_venta":"2","v_alql":0,"n_alql":0,"_id":"2807401021--2018-10-17_16_02_55"},{"fecha":"2018-10-17_16_02_55","cusec":"2807401022","nmun":"Leganés","v_venta":"1730","n_venta":"2","v_alql":0,"n_alql":0,"_id":"2807401022--2018-10-17_16_02_55"},{"fecha":"2018-10-17_16_02_55","cusec":"2807401023","nmun":"Leganés","v_venta":"1692","n_venta":"6","v_alql":0,"n_alql":0,"_id":"2807401023--2018-10-17_16_02_55"},{"fecha":"2018-10-17_16_02_55","cusec":"2807401024","nmun":"Leganés","v_venta":"2424","n_venta":"4","v_alql":"10.21","n_alql":"1","_id":"2807401024--2018-10-17_16_02_55"},{"fecha":"2018-10-17_16_02_55","cusec":"2807401025","nmun":"Leganés","v_venta":"2469","n_venta":"2","v_alql":"7.75","n_alql":"1","_id":"2807401025--2018-10-17_16_02_55"},{"fecha":"2018-10-17_16_02_55","cusec":"2807402001","nmun":"Leganés","v_venta":"2163","n_venta":"4","v_alql":0,"n_alql":0,"_id":"2807402001--2018-10-17_16_02_55"},{"fecha":"2018-10-17_16_02_55","cusec":"2807402002","nmun":"Leganés","v_venta":"1866","n_venta":"5","v_alql":0,"n_alql":0,"_id":"2807402002--2018-10-17_16_02_55"},{"fecha":"2018-10-17_16_02_55","cusec":"2807402003","nmun":"Leganés","v_venta":"1835","n_venta":"8","v_alql":0,"n_alql":0,"_id":"2807402003--2018-10-17_16_02_55"},{"fecha":"2018-10-17_16_02_55","cusec":"2807402004","nmun":"Leganés","v_venta":"1884","n_venta":"5","v_alql":0,"n_alql":0,"_id":"2807402004--2018-10-17_16_02_55"},{"fecha":"2018-10-17_16_02_55","cusec":"2807402005","nmun":"Leganés","v_venta":"1974","n_venta":"2","v_alql":0,"n_alql":0,"_id":"2807402005--2018-10-17_16_02_55"},{"fecha":"2018-10-17_16_02_55","cusec":"2807402006","nmun":"Leganés","v_venta":"1894","n_venta":"7","v_alql":0,"n_alql":0,"_id":"2807402006--2018-10-17_16_02_55"},{"fecha":"2018-10-17_16_02_55","cusec":"2807402007","nmun":"Leganés","v_venta":"2460","n_venta":"4","v_alql":0,"n_alql":0,"_id":"2807402007--2018-10-17_16_02_55"},{"fecha":"2018-10-17_16_02_55","cusec":"2807402008","nmun":"Leganés","v_venta":"2097","n_venta":"6","v_alql":"8.75","n_alql":"1","_id":"2807402008--2018-10-17_16_02_55"},{"fecha":"2018-10-17_16_02_55","cusec":"2807402009","nmun":"Leganés","v_venta":"1543","n_venta":"1","v_alql":0,"n_alql":0,"_id":"2807402009--2018-10-17_16_02_55"},{"fecha":"2018-10-17_16_02_55","cusec":"2807402010","nmun":"Leganés","v_venta":"2000","n_venta":"1","v_alql":0,"n_alql":0,"_id":"2807402010--2018-10-17_16_02_55"},{"fecha":"2018-10-17_16_02_55","cusec":"2807402011","nmun":"Leganés","v_venta":"2090","n_venta":"5","v_alql":0,"n_alql":0,"_id":"2807402011--2018-10-17_16_02_55"},{"fecha":"2018-10-17_16_02_55","cusec":"2807402012","nmun":"Leganés","v_venta":0,"n_venta":0,"v_alql":0,"n_alql":0,"_id":"2807402012--2018-10-17_16_02_55"},{"fecha":"2018-10-17_16_02_55","cusec":"2807402013","nmun":"Leganés","v_venta":"1931","n_venta":"4","v_alql":"8.46","n_alql":"1","_id":"2807402013--2018-10-17_16_02_55"},{"fecha":"2018-10-17_16_02_55","cusec":"2807402014","nmun":"Leganés","v_venta":"1898","n_venta":"15","v_alql":"9.30","n_alql":"3","_id":"2807402014--2018-10-17_16_02_55"},{"fecha":"2018-10-17_16_02_55","cusec":"2807402015","nmun":"Leganés","v_venta":"1619","n_venta":"4","v_alql":0,"n_alql":0,"_id":"2807402015--2018-10-17_16_02_55"},{"fecha":"2018-10-17_16_02_55","cusec":"2807402016","nmun":"Leganés","v_venta":0,"n_venta":0,"v_alql":"15.00","n_alql":"1","_id":"2807402016--2018-10-17_16_02_55"},{"fecha":"2018-10-17_16_02_55","cusec":"2807402017","nmun":"Leganés","v_venta":"1920","n_venta":"8","v_alql":"11.50","n_alql":"1","_id":"2807402017--2018-10-17_16_02_55"},{"fecha":"2018-10-17_16_02_55","cusec":"2807402019","nmun":"Leganés","v_venta":"1810","n_venta":"5","v_alql":0,"n_alql":0,"_id":"2807402019--2018-10-17_16_02_55"},{"fecha":"2018-10-17_16_02_55","cusec":"2807402020","nmun":"Leganés","v_venta":"2129","n_venta":"7","v_alql":0,"n_alql":0,"_id":"2807402020--2018-10-17_16_02_55"},{"fecha":"2018-10-17_16_02_55","cusec":"2807402021","nmun":"Leganés","v_venta":"1610","n_venta":"3","v_alql":0,"n_alql":0,"_id":"2807402021--2018-10-17_16_02_55"},{"fecha":"2018-10-17_16_02_55","cusec":"2807402022","nmun":"Leganés","v_venta":"2057","n_venta":"1","v_alql":0,"n_alql":0,"_id":"2807402022--2018-10-17_16_02_55"},{"fecha":"2018-10-17_16_02_55","cusec":"2807403001","nmun":"Leganés","v_venta":"1993","n_venta":"1","v_alql":0,"n_alql":0,"_id":"2807403001--2018-10-17_16_02_55"},{"fecha":"2018-10-17_16_02_55","cusec":"2807403002","nmun":"Leganés","v_venta":"1632","n_venta":"4","v_alql":0,"n_alql":0,"_id":"2807403002--2018-10-17_16_02_55"},{"fecha":"2018-10-17_16_02_55","cusec":"2807403003","nmun":"Leganés","v_venta":"1611","n_venta":"2","v_alql":0,"n_alql":0,"_id":"2807403003--2018-10-17_16_02_55"},{"fecha":"2018-10-17_16_02_55","cusec":"2807403004","nmun":"Leganés","v_venta":"1535","n_venta":"12","v_alql":0,"n_alql":0,"_id":"2807403004--2018-10-17_16_02_55"},{"fecha":"2018-10-17_16_02_55","cusec":"2807403005","nmun":"Leganés","v_venta":"1544","n_venta":"1","v_alql":0,"n_alql":0,"_id":"2807403005--2018-10-17_16_02_55"},{"fecha":"2018-10-17_16_02_55","cusec":"2807403006","nmun":"Leganés","v_venta":"1585","n_venta":"4","v_alql":0,"n_alql":0,"_id":"2807403006--2018-10-17_16_02_55"},{"fecha":"2018-10-17_16_02_55","cusec":"2807403007","nmun":"Leganés","v_venta":"2340","n_venta":"2","v_alql":0,"n_alql":0,"_id":"2807403007--2018-10-17_16_02_55"},{"fecha":"2018-10-17_16_02_55","cusec":"2807403008","nmun":"Leganés","v_venta":"1835","n_venta":"2","v_alql":0,"n_alql":0,"_id":"2807403008--2018-10-17_16_02_55"},{"fecha":"2018-10-17_16_02_55","cusec":"2807403009","nmun":"Leganés","v_venta":"1729","n_venta":"4","v_alql":0,"n_alql":0,"_id":"2807403009--2018-10-17_16_02_55"},{"fecha":"2018-10-17_16_02_55","cusec":"2807403010","nmun":"Leganés","v_venta":"1810","n_venta":"3","v_alql":"11.54","n_alql":"1","_id":"2807403010--2018-10-17_16_02_55"},{"fecha":"2018-10-17_16_02_55","cusec":"2807403012","nmun":"Leganés","v_venta":"1932","n_venta":"2","v_alql":"7.92","n_alql":"1","_id":"2807403012--2018-10-17_16_02_55"},{"fecha":"2018-10-17_16_02_55","cusec":"2807403013","nmun":"Leganés","v_venta":"1498","n_venta":"3","v_alql":0,"n_alql":0,"_id":"2807403013--2018-10-17_16_02_55"},{"fecha":"2018-10-17_16_02_55","cusec":"2807403014","nmun":"Leganés","v_venta":"1793","n_venta":"7","v_alql":"9.00","n_alql":"1","_id":"2807403014--2018-10-17_16_02_55"},{"fecha":"2018-10-17_16_02_55","cusec":"2807403015","nmun":"Leganés","v_venta":"1725","n_venta":"5","v_alql":"5.71","n_alql":"1","_id":"2807403015--2018-10-17_16_02_55"},{"fecha":"2018-10-17_16_02_55","cusec":"2807403016","nmun":"Leganés","v_venta":"2387","n_venta":"7","v_alql":0,"n_alql":0,"_id":"2807403016--2018-10-17_16_02_55"},{"fecha":"2018-10-17_16_02_55","cusec":"2807403017","nmun":"Leganés","v_venta":"2004","n_venta":"3","v_alql":0,"n_alql":0,"_id":"2807403017--2018-10-17_16_02_55"},{"fecha":"2018-10-17_16_02_55","cusec":"2807403018","nmun":"Leganés","v_venta":"2048","n_venta":"3","v_alql":0,"n_alql":0,"_id":"2807403018--2018-10-17_16_02_55"},{"fecha":"2018-10-17_16_02_55","cusec":"2807403019","nmun":"Leganés","v_venta":"1766","n_venta":"4","v_alql":0,"n_alql":0,"_id":"2807403019--2018-10-17_16_02_55"},{"fecha":"2018-10-17_16_02_55","cusec":"2807403020","nmun":"Leganés","v_venta":"2420","n_venta":"5","v_alql":"8.07","n_alql":"2","_id":"2807403020--2018-10-17_16_02_55"},{"fecha":"2018-10-17_16_02_55","cusec":"2807403021","nmun":"Leganés","v_venta":"2107","n_venta":"5","v_alql":0,"n_alql":0,"_id":"2807403021--2018-10-17_16_02_55"},{"fecha":"2018-10-17_16_02_55","cusec":"2807404001","nmun":"Leganés","v_venta":"2002","n_venta":"3","v_alql":0,"n_alql":0,"_id":"2807404001--2018-10-17_16_02_55"},{"fecha":"2018-10-17_16_02_55","cusec":"2807404002","nmun":"Leganés","v_venta":"2117","n_venta":"5","v_alql":0,"n_alql":0,"_id":"2807404002--2018-10-17_16_02_55"},{"fecha":"2018-10-17_16_02_55","cusec":"2807404003","nmun":"Leganés","v_venta":"2137","n_venta":"1","v_alql":0,"n_alql":0,"_id":"2807404003--2018-10-17_16_02_55"},{"fecha":"2018-10-17_16_02_55","cusec":"2807404004","nmun":"Leganés","v_venta":0,"n_venta":0,"v_alql":"8.82","n_alql":"1","_id":"2807404004--2018-10-17_16_02_55"},{"fecha":"2018-10-17_16_02_55","cusec":"2807404005","nmun":"Leganés","v_venta":"2087","n_venta":"1","v_alql":0,"n_alql":0,"_id":"2807404005--2018-10-17_16_02_55"},{"fecha":"2018-10-17_16_02_55","cusec":"2807404006","nmun":"Leganés","v_venta":"1948","n_venta":"2","v_alql":0,"n_alql":0,"_id":"2807404006--2018-10-17_16_02_55"},{"fecha":"2018-10-17_16_02_55","cusec":"2807404007","nmun":"Leganés","v_venta":0,"n_venta":0,"v_alql":0,"n_alql":0,"_id":"2807404007--2018-10-17_16_02_55"},{"fecha":"2018-10-17_16_02_55","cusec":"2807404008","nmun":"Leganés","v_venta":"2318","n_venta":"2","v_alql":0,"n_alql":0,"_id":"2807404008--2018-10-17_16_02_55"},{"fecha":"2018-10-17_16_02_55","cusec":"2807404009","nmun":"Leganés","v_venta":"2251","n_venta":"4","v_alql":"9.33","n_alql":"1","_id":"2807404009--2018-10-17_16_02_55"},{"fecha":"2018-10-17_16_02_55","cusec":"2807404010","nmun":"Leganés","v_venta":"2282","n_venta":"1","v_alql":0,"n_alql":0,"_id":"2807404010--2018-10-17_16_02_55"},{"fecha":"2018-10-17_16_02_55","cusec":"2807404011","nmun":"Leganés","v_venta":"1729","n_venta":"1","v_alql":0,"n_alql":0,"_id":"2807404011--2018-10-17_16_02_55"},{"fecha":"2018-10-17_16_02_55","cusec":"2807404012","nmun":"Leganés","v_venta":"1928","n_venta":"3","v_alql":"8.82","n_alql":"1","_id":"2807404012--2018-10-17_16_02_55"},{"fecha":"2018-10-17_16_02_55","cusec":"2807404013","nmun":"Leganés","v_venta":"2038","n_venta":"3","v_alql":0,"n_alql":0,"_id":"2807404013--2018-10-17_16_02_55"},{"fecha":"2018-10-17_16_02_55","cusec":"2807404014","nmun":"Leganés","v_venta":"2033","n_venta":"3","v_alql":0,"n_alql":0,"_id":"2807404014--2018-10-17_16_02_55"},{"fecha":"2018-10-17_16_02_55","cusec":"2807404015","nmun":"Leganés","v_venta":"1493","n_venta":"2","v_alql":0,"n_alql":0,"_id":"2807404015--2018-10-17_16_02_55"},{"fecha":"2018-10-17_16_02_55","cusec":"2807404016","nmun":"Leganés","v_venta":0,"n_venta":0,"v_alql":0,"n_alql":0,"_id":"2807404016--2018-10-17_16_02_55"},{"fecha":"2018-10-17_16_02_55","cusec":"2807404017","nmun":"Leganés","v_venta":"1350","n_venta":"1","v_alql":0,"n_alql":0,"_id":"2807404017--2018-10-17_16_02_55"},{"fecha":"2018-10-17_16_02_55","cusec":"2807404018","nmun":"Leganés","v_venta":"1854","n_venta":"2","v_alql":0,"n_alql":0,"_id":"2807404018--2018-10-17_16_02_55"},{"fecha":"2018-10-17_16_02_55","cusec":"2807404019","nmun":"Leganés","v_venta":"1963","n_venta":"4","v_alql":0,"n_alql":0,"_id":"2807404019--2018-10-17_16_02_55"},{"fecha":"2018-10-17_16_02_55","cusec":"2807404020","nmun":"Leganés","v_venta":0,"n_venta":0,"v_alql":0,"n_alql":0,"_id":"2807404020--2018-10-17_16_02_55"},{"fecha":"2018-10-17_16_02_55","cusec":"2807404021","nmun":"Leganés","v_venta":"1982","n_venta":"3","v_alql":0,"n_alql":0,"_id":"2807404021--2018-10-17_16_02_55"},{"fecha":"2018-10-17_16_02_55","cusec":"2807404022","nmun":"Leganés","v_venta":0,"n_venta":0,"v_alql":0,"n_alql":0,"_id":"2807404022--2018-10-17_16_02_55"},{"fecha":"2018-10-17_16_02_55","cusec":"2807404023","nmun":"Leganés","v_venta":"2298","n_venta":"1","v_alql":0,"n_alql":0,"_id":"2807404023--2018-10-17_16_02_55"},{"fecha":"2018-10-17_16_02_55","cusec":"2807404024","nmun":"Leganés","v_venta":"2081","n_venta":"1","v_alql":0,"n_alql":0,"_id":"2807404024--2018-10-17_16_02_55"},{"fecha":"2018-10-17_16_02_55","cusec":"2807404025","nmun":"Leganés","v_venta":"1999","n_venta":"1","v_alql":0,"n_alql":0,"_id":"2807404025--2018-10-17_16_02_55"},{"fecha":"2018-10-17_16_02_55","cusec":"2807404026","nmun":"Leganés","v_venta":"2211","n_venta":"1","v_alql":"10.71","n_alql":"1","_id":"2807404026--2018-10-17_16_02_55"}]}